date,sku_id,units_sold,forecast
2025-11-06,SKU001,6,9.385544074555888
2025-11-07,SKU001,17,8.860588351896638
2025-11-08,SKU001,21,17.886105721754163
2025-11-09,SKU001,18,19.61935071248062
2025-11-10,SKU001,10,10.858128201994443
2025-11-11,SKU001,6,12.802632044717628
2025-11-12,SKU001,12,8.30818261555272
2025-11-13,SKU001,16,9.631439460526197
2025-11-14,SKU001,9,13.871720117471003
2025-11-15,SKU001,15,17.243850184828545
2025-11-16,SKU001,19,19.825359556127818
2025-11-17,SKU001,6,12.391242867944799
2025-11-18,SKU001,13,8.480102862872073
2025-11-19,SKU001,10,10.92922700619303
2025-11-20,SKU001,12,10.634994671439243
2025-11-21,SKU001,8,12.143830374225935
2025-11-22,SKU001,15,18.836685904914418
2025-11-23,SKU001,20,20.431928215818434
2025-11-24,SKU001,14,10.27543274046681
2025-11-25,SKU001,12,12.170351141423682
2025-11-26,SKU001,6,10.666368424433363
2025-11-27,SKU001,10,11.985299661222037
2025-11-28,SKU001,10,9.470498887592003
2025-11-29,SKU001,16,16.993723710579456
2025-11-30,SKU001,16,25.37600382965343
2025-12-01,SKU001,11,12.46169098996398
2025-12-02,SKU001,9,12.197684374944917
2025-12-04,SKU001,7,9.110845701526953
2025-12-05,SKU001,15,11.145237543303589
2025-12-06,SKU001,14,16.442170484620338
2025-12-07,SKU001,24,16.001588304271202
2025-12-08,SKU001,12,14.495669275009236
2025-12-09,SKU001,9,9.312494118054921
2025-12-10,SKU001,14,9.116136165730323
2025-12-11,SKU001,13,12.959237162957834
2025-12-12,SKU001,17,12.102642123398232
2025-12-13,SKU001,10,15.774560177434573
2025-12-14,SKU001,14,16.652617239002762
2025-12-15,SKU001,16,10.99483930548088
2025-12-16,SKU001,12,12.194272261687598
2025-12-17,SKU001,12,11.033899323516536
2025-12-18,SKU001,15,11.822688688949995
2025-12-19,SKU001,8,14.601579683699386
2025-12-20,SKU001,13,12.172913722663663
2025-12-21,SKU001,15,16.49793369800496
2025-12-22,SKU001,7,13.730432029784415
2025-12-23,SKU001,19,10.612769613585511
2025-12-24,SKU001,10,13.498212580944283
2025-12-25,SKU001,10,12.793097153357174
2025-12-26,SKU001,13,11.566131169473039
2025-12-27,SKU001,8,13.206166971275636
2025-12-28,SKU001,9,13.068673274906505
2025-12-29,SKU001,12,10.593626779698264
2025-12-30,SKU001,14,12.648243030683336
2025-12-31,SKU001,11,11.261637319333339
2025-11-06,SKU002,11,7.170189416112537
2025-11-07,SKU002,8,8.911293860550913
2025-11-08,SKU002,15,10.776943950705332
2025-11-09,SKU002,14,14.350564024278219
2025-11-10,SKU002,11,9.8467593318
2025-11-11,SKU002,3,6.727377031926608
2025-11-12,SKU002,9,8.68747327495734
2025-11-13,SKU002,11,9.376422542581418
2025-11-14,SKU002,6,8.247631205403232
2025-11-15,SKU002,11,13.003175410377617
2025-11-16,SKU002,9,14.527210134999056
2025-11-17,SKU002,8,9.85308384292877
2025-11-18,SKU002,11,5.165346681403148
2025-11-19,SKU002,10,9.244411205322306
2025-11-20,SKU002,8,10.158554263255146
2025-11-21,SKU002,4,6.727992098999316
2025-11-22,SKU002,12,10.435022142068089
2025-11-23,SKU002,11,14.081758108169081
2025-11-24,SKU002,10,8.54618235136103
2025-11-25,SKU002,12,8.512049206058586
2025-11-26,SKU002,5,11.713837695954934
2025-11-27,SKU002,11,9.09765863126762
2025-11-28,SKU002,7,7.090847156122903
2025-11-29,SKU002,14,14.174555287041
2025-11-30,SKU002,7,14.335218009260583
2025-12-01,SKU002,10,9.453285365447782
2025-12-02,SKU002,6,10.69531245863786
2025-12-04,SKU002,5,9.827371097007905
2025-12-05,SKU002,8,6.498314579559133
2025-12-06,SKU002,8,12.965367695444892
2025-12-07,SKU002,6,9.912329932290245
2025-12-08,SKU002,9,9.742007455077081
2025-12-09,SKU002,6,7.505300026181207
2025-12-10,SKU002,3,7.150725772252227
2025-12-11,SKU002,9,8.832833047228322
2025-12-12,SKU002,11,7.4437667194443975
2025-12-13,SKU002,8,11.102494988649275
2025-12-14,SKU002,9,7.078006903091267
2025-12-15,SKU002,9,8.910030400039556
2025-12-16,SKU002,7,8.619290450823165
2025-12-17,SKU002,6,7.708716024449997
2025-12-18,SKU002,9,7.64482146425932
2025-12-19,SKU002,8,8.987281011037624
2025-12-20,SKU002,4,9.26542541443963
2025-12-21,SKU002,12,6.937728896666673
2025-12-22,SKU002,5,9.84518647348641
2025-12-23,SKU002,4,7.532111889160802
2025-12-24,SKU002,10,4.99117154249068
2025-12-25,SKU002,7,10.675512785492556
2025-12-26,SKU002,6,8.907609289106176
2025-12-27,SKU002,9,7.711558357981163
2025-12-28,SKU002,10,9.058532392450285
2025-12-29,SKU002,9,8.840470471561677
2025-12-30,SKU002,10,7.166376921020127
2025-12-31,SKU002,8,9.690130716412924
2025-11-06,SKU003,8,3.4769347021128
2025-11-07,SKU003,9,5.555695999040193
2025-11-08,SKU003,7,8.567394202109828
2025-11-09,SKU003,3,6.898686283750245
2025-11-10,SKU003,4,4.873587308253463
2025-11-11,SKU003,3,4.954702852874686
2025-11-12,SKU003,4,3.563525610054214
2025-11-13,SKU003,4,5.151012997632833
2025-11-14,SKU003,9,4.909462153021063
2025-11-15,SKU003,3,7.4074602949917185
2025-11-16,SKU003,10,6.1907722315512945
2025-11-17,SKU003,5,5.602323729886293
2025-11-18,SKU003,6,5.744374970021284
2025-11-19,SKU003,5,3.8154425619728363
2025-11-20,SKU003,5,5.400048366177345
2025-11-21,SKU003,2,6.486278831946393
2025-11-22,SKU003,11,5.302690927534165
2025-11-23,SKU003,7,9.409238660342313
2025-11-24,SKU003,6,6.695764508952327
2025-11-25,SKU003,4,5.238349412236851
2025-11-26,SKU003,4,4.504182369261014
2025-11-27,SKU003,1,3.7559313161781462
2025-11-28,SKU003,1,4.339297502832123
2025-11-29,SKU003,6,7.409370784618778
2025-11-30,SKU003,7,11.381044570313156
2025-12-01,SKU003,5,5.57196862933441
2025-12-02,SKU003,9,5.691327109697903
2025-12-04,SKU003,5,5.257858367698614
2025-12-05,SKU003,4,5.297564681460543
2025-12-06,SKU003,5,7.202271761705186
2025-12-07,SKU003,6,5.405097461621144
2025-12-08,SKU003,1,4.758859690271337
2025-12-09,SKU003,9,3.827959766667607
2025-12-10,SKU003,1,5.2222655340252855
2025-12-11,SKU003,5,2.95962609070806
2025-12-12,SKU003,2,4.725940085391743
2025-12-13,SKU003,6,3.959470185530471
2025-12-14,SKU003,9,7.255465802006253
2025-12-15,SKU003,4,4.65575542783625
2025-12-16,SKU003,2,6.757731310580573
2025-12-17,SKU003,5,2.984600647900532
2025-12-18,SKU003,1,5.484618398270803
2025-12-19,SKU003,3,2.8537172816152885
2025-12-20,SKU003,5,6.441340905414327
2025-12-21,SKU003,3,6.477551644369594
2025-12-22,SKU003,3,3.716481353357991
2025-12-23,SKU003,6,5.194677856888997
2025-12-24,SKU003,2,4.015186680731422
2025-12-25,SKU003,4,2.7722661135113604
2025-12-26,SKU003,6,3.3022347239672847
2025-12-27,SKU003,9,6.1826485448326425
2025-12-28,SKU003,4,6.875772423064785
2025-12-29,SKU003,7,4.12423136655043
2025-12-30,SKU003,4,7.041754234194532
2025-12-31,SKU003,6,4.2169607658833685
2025-11-06,SKU004,4,3.2122491128203126
2025-11-07,SKU004,2,4.230314969952556
2025-11-08,SKU004,3,5.590629142098484
2025-11-09,SKU004,7,6.277777346560628
2025-11-10,SKU004,3,4.399701376930439
2025-11-11,SKU004,7,4.17867588271587
2025-11-12,SKU004,2,4.547955766079632
2025-11-13,SKU004,3,3.07378231643711
2025-11-14,SKU004,6,3.8941558927503763
2025-11-15,SKU004,2,4.696232363399438
2025-11-16,SKU004,8,4.714226492391783
2025-11-17,SKU004,4,4.681025400918512
2025-11-18,SKU004,3,3.9785256456301026
2025-11-19,SKU004,5,3.1597605562516082
2025-11-20,SKU004,3,4.068427983126568
2025-11-21,SKU004,1,4.175829925564983
2025-11-22,SKU004,4,4.340788921048238
2025-11-23,SKU004,8,6.977989952994805
2025-11-24,SKU004,2,4.685602627464661
2025-11-25,SKU004,0,4.647624793885212
2025-11-26,SKU004,4,3.4865180758103085
2025-11-27,SKU004,3,3.3720779865522217
2025-11-28,SKU004,3,4.187323585724904
2025-11-29,SKU004,5,5.150812376633348
2025-11-30,SKU004,5,6.329629056254176
2025-12-01,SKU004,5,4.1669473416114355
2025-12-02,SKU004,3,3.856820640362164
2025-12-04,SKU004,3,2.9096333213722536
2025-12-05,SKU004,7,2.5511886821399754
2025-12-06,SKU004,5,4.906206249824577
2025-12-07,SKU004,4,6.079309081119223
2025-12-08,SKU004,5,3.360161974682538
2025-12-09,SKU004,5,4.07491719176561
2025-12-10,SKU004,4,3.1512216750966866
2025-12-11,SKU004,6,3.412916130960741
2025-12-12,SKU004,4,5.7510285289815
2025-12-13,SKU004,8,4.202743159485775
2025-12-14,SKU004,7,6.322396902186536
2025-12-15,SKU004,5,4.879119906113484
2025-12-16,SKU004,6,4.123537103025903
2025-12-17,SKU004,7,3.7392254427550666
2025-12-18,SKU004,3,5.294058468608446
2025-12-19,SKU004,6,4.437246909239893
2025-12-20,SKU004,4,5.857883060372011
2025-12-21,SKU004,7,6.091934521913516
2025-12-22,SKU004,4,4.96821783939166
2025-12-23,SKU004,7,4.306848329133416
2025-12-24,SKU004,4,5.940388626993198
2025-12-25,SKU004,3,4.23377931407944
2025-12-26,SKU004,2,4.654490646336825
2025-12-27,SKU004,3,4.85040188938956
2025-12-28,SKU004,7,5.415990546317865
2025-12-29,SKU004,1,5.362837015425531
2025-12-30,SKU004,3,4.6067041449300445
2025-12-31,SKU004,2,4.3599269022194544
2025-11-06,SKU005,12,17.518265743527326
2025-11-07,SKU005,10,12.813115969780796
2025-11-08,SKU005,22,19.038762822181127
2025-11-09,SKU005,21,15.642249504561432
2025-11-10,SKU005,13,15.26578539949555
2025-11-11,SKU005,13,15.603214066511303
2025-11-12,SKU005,9,14.436237998898918
2025-11-13,SKU005,10,12.908092610156395
2025-11-14,SKU005,16,11.372435998810216
2025-11-15,SKU005,24,19.5550972078738
2025-11-16,SKU005,17,19.965157086211143
2025-11-17,SKU005,16,11.413626231104244
2025-11-18,SKU005,12,14.168614926346764
2025-11-19,SKU005,14,14.63787250977474
2025-11-20,SKU005,10,14.57753107886345
2025-11-21,SKU005,17,12.797823605284497
2025-11-22,SKU005,25,21.954619965679747
2025-11-23,SKU005,21,20.949695507193727
2025-11-24,SKU005,8,15.074953608043776
2025-11-25,SKU005,18,12.425222155234202
2025-11-26,SKU005,15,13.914181113907583
2025-11-27,SKU005,10,14.240633033445686
2025-11-28,SKU005,9,13.750847829709967
2025-11-29,SKU005,14,23.203577987070705
2025-11-30,SKU005,26,19.760466954657527
2025-12-01,SKU005,19,15.385085502231584
2025-12-02,SKU005,13,16.845884293178013
2025-12-04,SKU005,15,11.819487115271913
2025-12-05,SKU005,10,13.622766944969909
2025-12-06,SKU005,15,17.65632255754347
2025-12-07,SKU005,11,19.68864594810519
2025-12-08,SKU005,16,13.5816270799142
2025-12-09,SKU005,13,15.09835514807923
2025-12-10,SKU005,15,12.925754013579303
2025-12-11,SKU005,10,12.94814141141347
2025-12-12,SKU005,17,12.652081993449267
2025-12-13,SKU005,17,16.84959403523494
2025-12-14,SKU005,15,17.38900347871861
2025-12-15,SKU005,9,16.262225684283134
2025-12-16,SKU005,15,11.69686407574149
2025-12-17,SKU005,16,14.388003800520725
2025-12-18,SKU005,14,13.407677898729228
2025-12-19,SKU005,12,14.940450775587804
2025-12-20,SKU005,18,16.536351711725178
2025-12-21,SKU005,16,14.715408435272822
2025-12-22,SKU005,21,12.730437858645447
2025-12-23,SKU005,14,17.794549708068264
2025-12-24,SKU005,13,15.11626563845396
2025-12-25,SKU005,18,12.300862017241094
2025-12-26,SKU005,8,14.830228426455864
2025-12-27,SKU005,18,14.0896296976186
2025-12-28,SKU005,16,18.48154878597092
2025-12-29,SKU005,17,16.188466342359828
2025-12-30,SKU005,16,14.933387627541075
2025-12-31,SKU005,17,14.879555834560827
2025-11-06,SKU006,4,5.570741980276146
2025-11-07,SKU006,7,4.068688925395955
2025-11-08,SKU006,3,7.547640246199661
2025-11-09,SKU006,9,6.298059659222443
2025-11-10,SKU006,5,5.409749081755267
2025-11-11,SKU006,4,3.2209442969492312
2025-11-12,SKU006,4,4.151654480537512
2025-11-13,SKU006,3,5.602793991190733
2025-11-14,SKU006,5,4.841585874458631
2025-11-15,SKU006,1,5.3296247260970535
2025-11-16,SKU006,9,6.242321423040994
2025-11-17,SKU006,6,6.187953257803422
2025-11-18,SKU006,5,3.8187921525067314
2025-11-19,SKU006,5,4.311506765432348
2025-11-20,SKU006,8,5.77710102656375
2025-11-21,SKU006,7,6.38485798359566
2025-11-22,SKU006,10,6.274510585819155
2025-11-23,SKU006,4,9.552443248121719
2025-11-24,SKU006,3,4.627636942061908
2025-11-25,SKU006,3,3.9429670194931603
2025-11-26,SKU006,7,4.417341008090317
2025-11-27,SKU006,9,5.895662865453273
2025-11-28,SKU006,8,6.378268391221536
2025-11-29,SKU006,4,8.824065579701799
2025-11-30,SKU006,6,6.845841792101818
2025-12-01,SKU006,5,6.105023973529746
2025-12-02,SKU006,5,4.172216220903703
2025-12-04,SKU006,4,7.0850615155810495
2025-12-05,SKU006,5,6.570368502020383
2025-12-06,SKU006,5,6.10773877649771
2025-12-07,SKU006,6,5.980564669553652
2025-12-08,SKU006,6,4.619520985764573
2025-12-09,SKU006,9,4.635405675095071
2025-12-10,SKU006,2,6.9569382705232545
2025-12-11,SKU006,5,4.352029752544459
2025-12-12,SKU006,8,5.691144127041386
2025-12-13,SKU006,3,4.716305223727266
2025-12-14,SKU006,8,5.831746388727986
2025-12-15,SKU006,6,6.008485600691088
2025-12-16,SKU006,7,5.955878685729507
2025-12-17,SKU006,4,5.104529215581877
2025-12-18,SKU006,2,6.027662715140548
2025-12-19,SKU006,7,6.142925136138268
2025-12-20,SKU006,5,6.911698032020144
2025-12-21,SKU006,10,5.149562517957792
2025-12-22,SKU006,4,6.581649260366173
2025-12-23,SKU006,6,5.95222604608596
2025-12-24,SKU006,11,5.51036766596587
2025-12-25,SKU006,5,7.831161371721227
2025-12-26,SKU006,4,7.635966417907889
2025-12-27,SKU006,8,4.46033373297855
2025-12-28,SKU006,5,8.111683909028546
2025-12-29,SKU006,6,4.928160195955366
2025-12-30,SKU006,6,6.482887161280309
2025-12-31,SKU006,8,7.660517313024836
2025-11-06,SKU007,19,19.587210436596855
2025-11-07,SKU007,14,16.466663649989112
2025-11-08,SKU007,25,22.57175028243439
2025-11-09,SKU007,22,25.07540310710037
2025-11-10,SKU007,12,20.06117145584149
2025-11-11,SKU007,21,16.354684742388997
2025-11-12,SKU007,16,19.489328153138903
2025-11-13,SKU007,14,17.696365030896015
2025-11-14,SKU007,10,17.324832097403828
2025-11-15,SKU007,23,24.223083598137993
2025-11-16,SKU007,35,25.3549214593069
2025-11-17,SKU007,14,16.596838725693395
2025-11-18,SKU007,28,18.950644720944542
2025-11-19,SKU007,24,22.19608275227012
2025-11-20,SKU007,13,17.56911048210431
2025-11-21,SKU007,18,14.035892323441528
2025-11-22,SKU007,31,23.28122295889271
2025-11-23,SKU007,29,28.820409669300364
2025-11-24,SKU007,28,17.465345424339397
2025-11-25,SKU007,24,21.759796134105333
2025-11-26,SKU007,20,20.191188473307832
2025-11-27,SKU007,20,16.992362050160473
2025-11-28,SKU007,27,16.891745599553886
2025-11-29,SKU007,29,30.472119337090703
2025-11-30,SKU007,33,32.225409852467166
2025-12-01,SKU007,30,21.40023516041631
2025-12-02,SKU007,17,23.045833418375967
2025-12-04,SKU007,22,15.908940425654858
2025-12-05,SKU007,20,20.55616967961164
2025-12-06,SKU007,26,22.55473084840302
2025-12-07,SKU007,20,21.896559809842465
2025-12-08,SKU007,21,20.73177107145505
2025-12-09,SKU007,18,20.6763727844788
2025-12-10,SKU007,17,17.687277248048844
2025-12-11,SKU007,28,17.366083456637877
2025-12-12,SKU007,23,21.188921448647687
2025-12-13,SKU007,18,21.61329402291416
2025-12-14,SKU007,29,22.942984230932115
2025-12-15,SKU007,23,21.67702596753551
2025-12-16,SKU007,21,22.09071712814104
2025-12-17,SKU007,18,19.599951248415294
2025-12-18,SKU007,30,19.7732646033541
2025-12-19,SKU007,16,23.896962499531913
2025-12-20,SKU007,19,22.98408690123987
2025-12-21,SKU007,22,22.55855278633415
2025-12-22,SKU007,29,22.415006644302004
2025-12-23,SKU007,24,23.415946919343643
2025-12-24,SKU007,22,20.065076376534833
2025-12-25,SKU007,21,23.4717936576702
2025-12-26,SKU007,13,22.166974357086488
2025-12-27,SKU007,23,20.776683149235225
2025-12-28,SKU007,29,24.84339635294383
2025-12-29,SKU007,21,21.721063340631645
2025-12-30,SKU007,30,20.28522816934678
2025-12-31,SKU007,17,20.048779164252363
2025-11-06,SKU008,15,12.012205856412505
2025-11-07,SKU008,10,14.258216723335199
2025-11-08,SKU008,18,15.367519256290503
2025-11-09,SKU008,22,19.35311544047272
2025-11-10,SKU008,9,18.865764102694445
2025-11-11,SKU008,14,12.464410931174442
2025-11-12,SKU008,9,12.22295780740651
2025-11-13,SKU008,9,12.619706042975132
2025-11-14,SKU008,15,12.022908242802574
2025-11-15,SKU008,16,19.480246662793103
2025-11-16,SKU008,22,19.741892333373652
2025-11-17,SKU008,16,15.137203355018697
2025-11-19,SKU008,11,10.55087417302861
2025-11-20,SKU008,11,11.257555783987263
2025-11-21,SKU008,8,13.1002146515574
2025-11-22,SKU008,19,15.988332879732189
2025-11-23,SKU008,14,20.96499349635341
2025-11-24,SKU008,19,13.20099645725188
2025-11-25,SKU008,15,13.77616251438434
2025-11-26,SKU008,15,11.08798087292131
2025-11-27,SKU008,9,12.218768400652666
2025-11-28,SKU008,19,10.2314617847631
2025-11-29,SKU008,13,23.115952019918517
2025-11-30,SKU008,27,22.66311544693706
2025-12-01,SKU008,19,21.18648222016455
2025-12-02,SKU008,12,14.488731492763506
2025-12-04,SKU008,10,12.5480159646924
2025-12-05,SKU008,12,12.392221600697944
2025-12-06,SKU008,20,15.723014460363185
2025-12-07,SKU008,12,18.8879041507125
2025-12-08,SKU008,17,14.797420904992467
2025-12-09,SKU008,20,15.017523216591727
2025-12-10,SKU008,12,14.824936436037639
2025-12-11,SKU008,15,10.191774607780907
2025-12-12,SKU008,18,15.914633210792259
2025-12-13,SKU008,12,16.356484413000334
2025-12-14,SKU008,18,16.428622045945417
2025-12-15,SKU008,16,16.94913602545872
2025-12-16,SKU008,19,15.723281688207303
2025-12-17,SKU008,12,13.147518378578873
2025-12-18,SKU008,15,12.576365411789423
2025-12-19,SKU008,13,14.041248063806528
2025-12-20,SKU008,9,15.862778110022427
2025-12-21,SKU008,16,12.662289712607224
2025-12-22,SKU008,14,17.19185367688021
2025-12-23,SKU008,11,17.07699554694261
2025-12-24,SKU008,13,13.22067162068578
2025-12-25,SKU008,14,13.835722031166284
2025-12-26,SKU008,17,15.90872175779048
2025-12-27,SKU008,13,12.393525174407936
2025-12-28,SKU008,23,18.379357312370797
2025-12-29,SKU008,13,17.99711902254974
2025-12-30,SKU008,12,13.914475406211105
2025-12-31,SKU008,11,12.138838422835576
2025-11-06,SKU009,6,10.607409036858858
2025-11-07,SKU009,4,4.767187110380559
2025-11-08,SKU009,8,11.026877501002224
2025-11-09,SKU009,10,14.798427442504993
2025-11-10,SKU009,8,9.881262389867523
2025-11-11,SKU009,9,7.890956177784367
2025-11-12,SKU009,10,9.18369549845794
2025-11-13,SKU009,1,9.759719815203683
2025-11-14,SKU009,12,4.290974743315329
2025-11-15,SKU009,8,12.52082989596213
2025-11-16,SKU009,14,13.26632362851773
2025-11-17,SKU009,8,8.460372602013944
2025-11-19,SKU009,8,10.612893089884558
2025-11-20,SKU009,4,6.730167035893622
2025-11-21,SKU009,10,5.706271546018198
2025-11-22,SKU009,12,12.366423075143896
2025-11-23,SKU009,11,12.946872392078676
2025-11-24,SKU009,5,8.78061446466349
2025-11-25,SKU009,11,8.589599009222905
2025-11-26,SKU009,10,8.753572170196367
2025-11-27,SKU009,10,6.896539281055453
2025-11-28,SKU009,7,9.985021918916667
2025-11-29,SKU009,12,13.48643278919363
2025-11-30,SKU009,11,17.42706317062909
2025-12-01,SKU009,8,7.748019472347643
2025-12-02,SKU009,10,9.637433294020312
2025-12-04,SKU009,13,7.026215667085143
2025-12-05,SKU009,10,8.62000465274535
2025-12-06,SKU009,11,10.368530048423699
2025-12-07,SKU009,18,10.376020619070156
2025-12-08,SKU009,4,8.457994036110792
2025-12-09,SKU009,16,9.335886393362731
2025-12-10,SKU009,10,11.227726775279836
2025-12-11,SKU009,14,8.916217374872616
2025-12-12,SKU009,12,11.500229834182965
2025-12-13,SKU009,13,10.251460604215202
2025-12-14,SKU009,13,12.925014491513425
2025-12-15,SKU009,9,7.860864283915506
2025-12-16,SKU009,8,11.413283816352012
2025-12-17,SKU009,13,8.598634756674798
2025-12-18,SKU009,8,12.394784885187105
2025-12-19,SKU009,8,10.683815262641392
2025-12-20,SKU009,11,11.074939624450092
2025-12-21,SKU009,12,12.918694018441126
2025-12-22,SKU009,10,7.240778191133778
2025-12-23,SKU009,12,12.019510789350267
2025-12-24,SKU009,7,11.436793121309949
2025-12-25,SKU009,9,9.385045782096208
2025-12-26,SKU009,13,9.083132580224323
2025-12-27,SKU009,11,12.418986587962902
2025-12-28,SKU009,15,11.692039543029411
2025-12-29,SKU009,9,10.71232208340098
2025-12-30,SKU009,5,10.28512807752873
2025-12-31,SKU009,7,8.013746170447469
2025-11-06,SKU010,15,9.695234357245981
2025-11-07,SKU010,9,14.082781627277738
2025-11-08,SKU010,15,16.728842500197164
2025-11-09,SKU010,16,18.14036760789963
2025-11-10,SKU010,7,13.22992586462953
2025-11-11,SKU010,17,13.230256662508875
2025-11-12,SKU010,11,15.986065968154113
2025-11-13,SKU010,17,13.074698273343637
2025-11-14,SKU010,10,14.840644950968072
2025-11-15,SKU010,20,15.420604817943289
2025-11-16,SKU010,23,19.14719755593712
2025-11-17,SKU010,12,12.455299274602961
2025-11-19,SKU010,19,10.733139177976541
2025-11-20,SKU010,11,16.046965585175542
2025-11-21,SKU010,7,11.55060143370539
2025-11-22,SKU010,26,17.83812880522494
2025-11-23,SKU010,16,21.730230913516046
2025-11-24,SKU010,8,11.696006419877829
2025-11-25,SKU010,18,14.106298360668394
2025-11-26,SKU010,11,16.739042390131967
2025-11-27,SKU010,12,12.408853954505762
2025-11-28,SKU010,14,11.96961748547544
2025-11-29,SKU010,17,23.704105362711694
2025-11-30,SKU010,24,23.01579097973326
2025-12-01,SKU010,7,14.197789801350023
2025-12-02,SKU010,14,12.577582837100191
2025-12-04,SKU010,18,17.01216794715364
2025-12-05,SKU010,20,12.113650925845105
2025-12-06,SKU010,18,19.1182925912646
2025-12-07,SKU010,25,16.81781808641385
2025-12-08,SKU010,12,10.981218509342801
2025-12-09,SKU010,15,15.396469049170717
2025-12-10,SKU010,17,15.892432287718032
2025-12-11,SKU010,16,16.292138937107932
2025-12-12,SKU010,8,15.762559416184112
2025-12-13,SKU010,20,15.524288650480838
2025-12-14,SKU010,20,21.116151981614586
2025-12-15,SKU010,14,12.556631125687232
2025-12-16,SKU010,8,13.956511634654692
2025-12-17,SKU010,15,17.14409929839099
2025-12-18,SKU010,16,15.067021850816552
2025-12-19,SKU010,7,14.474184952800574
2025-12-20,SKU010,19,19.06549527187268
2025-12-21,SKU010,23,19.29872090832195
2025-12-22,SKU010,10,14.087230967111127
2025-12-23,SKU010,13,13.749458067144431
2025-12-24,SKU010,20,14.371372857951927
2025-12-25,SKU010,11,16.503270294728722
2025-12-26,SKU010,13,10.741010529510772
2025-12-27,SKU010,19,17.649593257191995
2025-12-28,SKU010,16,19.444288120982954
2025-12-29,SKU010,18,11.609724004008731
2025-12-30,SKU010,11,13.232561594484123
2025-12-31,SKU010,18,17.356319065016045
2025-11-06,SKU011,2,2.414293425799552
2025-11-07,SKU011,7,2.8281129728576015
2025-11-08,SKU011,2,5.401126246618332
2025-11-09,SKU011,2,3.880250744299858
2025-11-10,SKU011,3,2.6622652030926597
2025-11-11,SKU011,2,3.267594094947154
2025-11-12,SKU011,3,2.577011818024588
2025-11-13,SKU011,4,3.240883123319331
2025-11-14,SKU011,5,3.766922168746183
2025-11-15,SKU011,6,4.081683878655192
2025-11-16,SKU011,2,4.585044021269234
2025-11-17,SKU011,1,2.499921302035661
2025-11-19,SKU011,2,3.0314330817006487
2025-11-20,SKU011,0,3.0745997089488064
2025-11-21,SKU011,0,4.111393333625666
2025-11-22,SKU011,3,4.448333432389298
2025-11-23,SKU011,1,4.10638347593191
2025-11-24,SKU011,1,2.733330951757419
2025-11-25,SKU011,1,2.655160573495063
2025-11-26,SKU011,2,2.8252290342614663
2025-11-27,SKU011,1,2.919484840384697
2025-11-28,SKU011,2,2.950072123802993
2025-11-29,SKU011,6,4.431723392753827
2025-11-30,SKU011,2,3.971363040611086
2025-12-01,SKU011,4,2.339048066238356
2025-12-02,SKU011,3,3.4936414071159447
2025-12-04,SKU011,0,2.875045218194926
2025-12-05,SKU011,2,3.1479979754483374
2025-12-06,SKU011,2,3.451573245841427
2025-12-07,SKU011,0,2.330821926765905
2025-12-08,SKU011,3,2.0528023338778527
2025-12-09,SKU011,1,2.653230225833206
2025-12-10,SKU011,3,2.901182094134805
2025-12-11,SKU011,6,2.7535495649559176
2025-12-12,SKU011,3,3.5870119289709423
2025-12-13,SKU011,2,4.3103846263021595
2025-12-14,SKU011,5,2.32127862648257
2025-12-15,SKU011,3,3.2063962976820526
2025-12-16,SKU011,2,2.9247869247967047
2025-12-17,SKU011,5,3.0242865946534843
2025-12-18,SKU011,3,2.9357851707012945
2025-12-19,SKU011,1,3.153090922480745
2025-12-20,SKU011,2,2.702970774297268
2025-12-21,SKU011,2,2.8889025321966124
2025-12-22,SKU011,1,2.3944875937184227
2025-12-23,SKU011,0,2.1874354819089326
2025-12-24,SKU011,5,3.1534721463901234
2025-12-25,SKU011,5,3.58381300253123
2025-12-26,SKU011,5,3.6803824066622726
2025-12-27,SKU011,3,4.580319698592824
2025-12-28,SKU011,3,3.2311985840040895
2025-12-29,SKU011,1,3.7453362202754064
2025-12-30,SKU011,0,2.830708976781257
2025-12-31,SKU011,2,4.0398825257784745
2025-11-06,SKU012,23,17.828246208397253
2025-11-07,SKU012,11,19.53177505846704
2025-11-08,SKU012,35,21.95253131406032
2025-11-09,SKU012,31,31.566563824335063
2025-11-10,SKU012,24,18.975264659271243
2025-11-11,SKU012,30,19.364878733440403
2025-11-12,SKU012,23,19.309536810467947
2025-11-13,SKU012,6,19.164522475436478
2025-11-14,SKU012,20,12.65336780345012
2025-11-15,SKU012,26,26.823685385157507
2025-11-16,SKU012,34,28.14780765740788
2025-11-17,SKU012,18,18.304897633664208
2025-11-19,SKU012,13,20.47630837793317
2025-11-20,SKU012,28,14.124510118830754
2025-11-21,SKU012,14,19.342488116851104
2025-11-22,SKU012,33,26.36720685983168
2025-11-23,SKU012,36,33.319472623307725
2025-11-24,SKU012,18,19.37512621915157
2025-11-25,SKU012,20,16.700115825772983
2025-11-26,SKU012,23,17.99380478688936
2025-11-27,SKU012,19,20.108826722857774
2025-11-28,SKU012,25,17.383852144536384
2025-11-29,SKU012,31,29.90648002152007
2025-11-30,SKU012,25,32.613265498080345
2025-12-01,SKU012,23,18.714240844853222
2025-12-02,SKU012,23,20.299270179340493
2025-12-04,SKU012,24,20.175552355150696
2025-12-05,SKU012,27,19.368912492585846
2025-12-06,SKU012,22,24.028489278005416
2025-12-07,SKU012,26,22.671358347314996
2025-12-08,SKU012,24,23.630676474385044
2025-12-09,SKU012,20,23.765544853162737
2025-12-10,SKU012,17,21.718796563641618
2025-12-11,SKU012,16,16.956295248663384
2025-12-12,SKU012,13,20.90257867096622
2025-12-13,SKU012,32,20.38309317049856
2025-12-14,SKU012,33,25.216833972528022
2025-12-15,SKU012,18,22.58472526226905
2025-12-16,SKU012,28,18.765380607946952
2025-12-17,SKU012,18,20.513715829722074
2025-12-18,SKU012,19,22.624322004747203
2025-12-19,SKU012,29,17.142010793133355
2025-12-20,SKU012,32,25.27856404492684
2025-12-21,SKU012,27,25.40714930498091
2025-12-22,SKU012,24,21.848808337661648
2025-12-23,SKU012,19,22.50750178092954
2025-12-24,SKU012,17,19.134276474807873
2025-12-25,SKU012,28,18.11385404677525
2025-12-26,SKU012,21,23.47712718860933
2025-12-27,SKU012,16,24.29323419681355
2025-12-28,SKU012,25,22.382903840816276
2025-12-29,SKU012,19,22.2538141294407
2025-12-30,SKU012,26,21.08228241929279
2025-12-31,SKU012,26,23.05456817440125
2025-11-06,SKU013,13,11.308400189432879
2025-11-07,SKU013,13,10.047560027620966
2025-11-08,SKU013,15,17.2023849625609
2025-11-09,SKU013,14,15.584348393809417
2025-11-10,SKU013,12,10.183876775015538
2025-11-11,SKU013,11,9.79264400887996
2025-11-12,SKU013,14,10.32680431645247
2025-11-13,SKU013,15,11.626662301784958
2025-11-14,SKU013,6,10.956853723764416
2025-11-15,SKU013,18,13.881983683312244
2025-11-16,SKU013,13,17.789649595092754
2025-11-17,SKU013,12,10.291988487356724
2025-11-19,SKU013,10,10.816197247394257
2025-11-20,SKU013,11,11.76989674964429
2025-11-21,SKU013,11,9.946650525476604
2025-11-22,SKU013,18,17.722504359786424
2025-11-23,SKU013,10,16.928829854638586
2025-11-24,SKU013,16,10.130856144106808
2025-11-25,SKU013,15,10.304690086326882
2025-11-26,SKU013,15,12.79094774445739
2025-11-27,SKU013,7,13.311516127311334
2025-11-28,SKU013,6,8.464744451066199
2025-11-29,SKU013,14,17.558806821579903
2025-11-30,SKU013,22,18.4115764563825
2025-12-01,SKU013,5,15.023355242164959
2025-12-02,SKU013,10,9.813403604203517
2025-12-04,SKU013,15,12.047629426718537
2025-12-05,SKU013,14,11.473787341653644
2025-12-06,SKU013,9,15.31369037288583
2025-12-07,SKU013,13,12.767750699455824
2025-12-08,SKU013,8,12.282186252155013
2025-12-09,SKU013,10,10.977374342468085
2025-12-10,SKU013,21,13.232062438994122
2025-12-11,SKU013,8,15.976549236145026
2025-12-12,SKU013,18,7.885407227761654
2025-12-13,SKU013,21,15.471816082856705
2025-12-14,SKU013,21,16.267626252029807
2025-12-15,SKU013,14,10.710109181675922
2025-12-16,SKU013,14,11.272048727742789
2025-12-17,SKU013,16,14.573328719244916
2025-12-18,SKU013,9,13.213969716727275
2025-12-19,SKU013,13,13.563334456306576
2025-12-20,SKU013,18,15.698099389420234
2025-12-21,SKU013,12,14.514628805025405
2025-12-22,SKU013,12,12.973927227370163
2025-12-23,SKU013,8,13.318475870276025
2025-12-24,SKU013,8,15.863716790292738
2025-12-25,SKU013,7,8.561314925935125
2025-12-26,SKU013,7,10.908642454742571
2025-12-27,SKU013,17,15.342316757870082
2025-12-28,SKU013,12,18.150272332897853
2025-12-29,SKU013,7,10.921560942245042
2025-12-30,SKU013,9,9.445915635634982
2025-12-31,SKU013,11,11.491981736484403
2025-11-06,SKU014,13,16.41808414068293
2025-11-07,SKU014,18,14.96700919953754
2025-11-08,SKU014,18,24.543389582953424
2025-11-09,SKU014,25,18.486817349260985
2025-11-10,SKU014,16,18.55684754035202
2025-11-11,SKU014,17,17.783742842236823
2025-11-12,SKU014,13,13.720461334215234
2025-11-13,SKU014,21,14.479360751363377
2025-11-14,SKU014,16,17.94799300145732
2025-11-15,SKU014,24,20.89860154505001
2025-11-16,SKU014,23,22.011725354448867
2025-11-17,SKU014,25,16.57822318368659
2025-11-19,SKU014,18,13.272508574364466
2025-11-20,SKU014,19,17.197276594907652
2025-11-21,SKU014,10,18.401224786289657
2025-11-22,SKU014,29,21.77968549587183
2025-11-23,SKU014,18,28.115905514882456
2025-11-24,SKU014,14,18.750196798320786
2025-11-25,SKU014,17,15.11845414402002
2025-11-26,SKU014,23,15.263958857308799
2025-11-27,SKU014,18,19.913947477505015
2025-11-28,SKU014,21,15.543080508708826
2025-11-29,SKU014,22,27.8387092429755
2025-11-30,SKU014,36,22.924863165454735
2025-12-01,SKU014,16,19.05598398171426
2025-12-02,SKU014,20,16.26307264630287
2025-12-04,SKU014,15,16.380890305842044
2025-12-05,SKU014,23,16.684624897698786
2025-12-06,SKU014,20,21.438905895905187
2025-12-07,SKU014,19,21.84060921557013
2025-12-08,SKU014,14,14.985631903272802
2025-12-09,SKU014,16,18.31128463097718
2025-12-10,SKU014,15,15.38394700939687
2025-12-11,SKU014,24,17.48863168317454
2025-12-12,SKU014,20,20.99706046558055
2025-12-13,SKU014,21,21.729318382921488
2025-12-14,SKU014,27,20.45060943113795
2025-12-15,SKU014,26,21.712002712682928
2025-12-16,SKU014,12,19.93667093207087
2025-12-17,SKU014,9,14.243576206475034
2025-12-18,SKU014,14,16.83362633901537
2025-12-19,SKU014,16,17.998304714511235
2025-12-20,SKU014,23,21.48544105499143
2025-12-21,SKU014,16,20.672149027120078
2025-12-22,SKU014,22,16.391664193243706
2025-12-23,SKU014,19,17.55646384771653
2025-12-24,SKU014,15,17.338206209163296
2025-12-25,SKU014,12,18.088163581533177
2025-12-26,SKU014,16,17.067451119601337
2025-12-27,SKU014,20,21.1185211789965
2025-12-28,SKU014,18,23.461811705660292
2025-12-29,SKU014,11,19.88714976329341
2025-12-30,SKU014,18,15.861044110467425
2025-12-31,SKU014,22,13.666476905783918
2025-11-06,SKU015,2,2.2121959054761327
2025-11-07,SKU015,2,2.391571186703437
2025-11-08,SKU015,4,5.108540458534497
2025-11-09,SKU015,3,4.496992149309107
2025-11-10,SKU015,1,2.673642019325896
2025-11-11,SKU015,3,3.5252786157732108
2025-11-12,SKU015,4,3.2092275318624672
2025-11-13,SKU015,4,2.6579332045029003
2025-11-14,SKU015,7,2.8007377553176025
2025-11-15,SKU015,1,4.884266777325397
2025-11-16,SKU015,4,3.9007383839319454
2025-11-17,SKU015,8,2.902395796513618
2025-11-19,SKU015,2,2.819935740200329
2025-11-20,SKU015,3,2.6602789468826664
2025-11-21,SKU015,1,4.410522725744937
2025-11-22,SKU015,4,4.469436223930124
2025-11-23,SKU015,3,4.404844548076708
2025-11-24,SKU015,1,3.483762093665991
2025-11-25,SKU015,2,3.067372404351198
2025-11-26,SKU015,4,2.898173836356972
2025-11-27,SKU015,8,3.2478881348680084
2025-11-28,SKU015,2,4.686766882054152
2025-11-29,SKU015,9,4.89948514494838
2025-11-30,SKU015,5,5.581115799428062
2025-12-01,SKU015,2,3.7134360669573425
2025-12-02,SKU015,2,3.03298014626025
2025-12-04,SKU015,3,4.333750329106528
2025-12-05,SKU015,5,2.2997691710802033
2025-12-06,SKU015,2,5.0556120712979515
2025-12-07,SKU015,3,3.00342956439775
2025-12-08,SKU015,3,2.2266975603928767
2025-12-09,SKU015,2,2.968969580952304
2025-12-10,SKU015,7,3.4432407036227124
2025-12-11,SKU015,5,5.776983176191328
2025-12-12,SKU015,4,4.980970058705526
2025-12-13,SKU015,7,4.216531898791217
2025-12-14,SKU015,3,4.079806428243234
2025-12-15,SKU015,3,4.3316052848340245
2025-12-16,SKU015,1,2.958677143775818
2025-12-17,SKU015,4,3.7246279724292704
2025-12-18,SKU015,4,4.263878474048204
2025-12-19,SKU015,1,3.889985174052229
2025-12-20,SKU015,7,3.692251905972553
2025-12-21,SKU015,1,4.036298415150709
2025-12-22,SKU015,2,1.8941805055211773
2025-12-23,SKU015,3,2.949924791527747
2025-12-24,SKU015,4,5.194497056740041
2025-12-25,SKU015,4,6.10709695607921
2025-12-26,SKU015,6,3.526453094665317
2025-12-27,SKU015,3,7.5285652863987
2025-12-28,SKU015,5,3.5197420272292392
2025-12-29,SKU015,2,3.4752030879555504
2025-12-30,SKU015,1,2.825349875389045
2025-12-31,SKU015,4,3.783948948928241
2025-11-06,SKU016,12,13.486605825120227
2025-11-07,SKU016,10,10.690445508235422
2025-11-08,SKU016,17,15.119277708710761
2025-11-09,SKU016,19,20.339748206975944
2025-11-10,SKU016,9,9.28458952941107
2025-11-11,SKU016,11,12.323534938555953
2025-11-12,SKU016,14,13.899596352919025
2025-11-13,SKU016,13,13.474026533475532
2025-11-14,SKU016,12,12.896862573754742
2025-11-15,SKU016,16,16.778394827298634
2025-11-16,SKU016,20,19.258778459790467
2025-11-17,SKU016,7,11.760396087890557
2025-11-19,SKU016,10,12.370486114431495
2025-11-20,SKU016,10,11.756880526733475
2025-11-21,SKU016,14,10.05016778835399
2025-11-22,SKU016,14,18.352694166601502
2025-11-23,SKU016,9,20.32246667188514
2025-11-24,SKU016,10,7.26738336850678
2025-11-25,SKU016,9,11.194777721873667
2025-11-26,SKU016,10,13.296250797580795
2025-11-27,SKU016,8,12.540160679378124
2025-11-28,SKU016,11,11.603576604206529
2025-11-29,SKU016,9,18.577530800793497
2025-11-30,SKU016,14,19.508025995993595
2025-12-01,SKU016,10,10.580136272821147
2025-12-02,SKU016,8,10.26340142996625
2025-12-04,SKU016,10,10.724091788953581
2025-12-05,SKU016,12,11.32592943859635
2025-12-06,SKU016,12,13.255215535356767
2025-12-07,SKU016,15,12.477553909456336
2025-12-08,SKU016,12,10.636579879558559
2025-12-09,SKU016,15,10.90202404880393
2025-12-10,SKU016,8,12.67310005509231
2025-12-11,SKU016,8,10.52193472832287
2025-12-12,SKU016,10,11.087898738758986
2025-12-13,SKU016,14,12.919864707841434
2025-12-14,SKU016,11,14.061547672783036
2025-12-15,SKU016,6,9.420426028429427
2025-12-16,SKU016,8,10.983210785072625
2025-12-17,SKU016,10,9.201483542412937
2025-12-18,SKU016,11,9.954321113068845
2025-12-19,SKU016,17,12.152505492962197
2025-12-20,SKU016,11,14.104916773859635
2025-12-21,SKU016,11,11.173304341108821
2025-12-22,SKU016,16,9.082218133493193
2025-12-23,SKU016,13,13.025291099795558
2025-12-24,SKU016,14,11.128139512122715
2025-12-25,SKU016,18,11.52577445261832
2025-12-26,SKU016,14,14.575463850314017
2025-12-27,SKU016,13,12.534824909812395
2025-12-28,SKU016,16,11.569153684375761
2025-12-29,SKU016,10,12.947519499197142
2025-12-30,SKU016,15,10.21952141145272
2025-12-31,SKU016,12,12.949876397287925
2025-11-06,SKU017,12,13.555763079042205
2025-11-07,SKU017,14,9.611078218295455
2025-11-08,SKU017,20,14.2977035468894
2025-11-09,SKU017,17,13.96756384479443
2025-11-10,SKU017,12,13.143370115724638
2025-11-11,SKU017,11,11.820134666981112
2025-11-12,SKU017,8,12.491229672521921
2025-11-13,SKU017,7,11.800265415202212
2025-11-14,SKU017,16,10.705742846658744
2025-11-15,SKU017,14,17.215219596364907
2025-11-16,SKU017,20,17.633656627327124
2025-11-17,SKU017,12,11.473944290788191
2025-11-19,SKU017,8,11.063994546820235
2025-11-20,SKU017,11,9.327301028157187
2025-11-21,SKU017,10,12.067896814584243
2025-11-22,SKU017,20,16.753144094946204
2025-11-23,SKU017,16,19.99613322430902
2025-11-24,SKU017,11,13.310721420467804
2025-11-25,SKU017,7,11.173078427466436
2025-11-26,SKU017,9,8.350440365164223
2025-11-27,SKU017,17,10.655272028182145
2025-11-28,SKU017,11,14.258778264202027
2025-11-29,SKU017,19,17.83589071367469
2025-11-30,SKU017,16,19.557541303513197
2025-12-01,SKU017,18,11.890316143883267
2025-12-02,SKU017,16,12.634944300155238
2025-12-03,SKU017,12,12.963290689138919
2025-12-04,SKU017,19,13.006074810382595
2025-12-05,SKU017,14,13.672474629040321
2025-12-06,SKU017,16,17.55326601259296
2025-12-07,SKU017,10,15.296769069048537
2025-12-08,SKU017,23,13.235618258478759
2025-12-09,SKU017,11,15.897876266151806
2025-12-10,SKU017,8,9.756355193827023
2025-12-11,SKU017,11,12.627210701048028
2025-12-12,SKU017,16,13.546786241132615
2025-12-13,SKU017,11,16.10769418157026
2025-12-14,SKU017,16,13.233042177846476
2025-12-15,SKU017,6,16.539177840362782
2025-12-16,SKU017,10,11.435340191558678
2025-12-17,SKU017,14,9.238707927219096
2025-12-18,SKU017,11,13.93975542490802
2025-12-19,SKU017,9,13.022781161941143
2025-12-20,SKU017,14,13.668750207833051
2025-12-21,SKU017,17,13.481246046987595
2025-12-22,SKU017,15,13.650742765515194
2025-12-23,SKU017,10,11.446537822455221
2025-12-24,SKU017,11,10.778363210966452
2025-12-25,SKU017,14,13.025739389980599
2025-12-26,SKU017,14,13.432610332181573
2025-12-27,SKU017,13,14.921922127639515
2025-12-28,SKU017,21,14.303735686084062
2025-12-29,SKU017,16,15.899530551871518
2025-12-30,SKU017,15,14.687716539043778
2025-12-31,SKU017,6,13.325857608821282
2025-11-06,SKU018,20,19.254622174567842
2025-11-07,SKU018,22,18.596629769728843
2025-11-08,SKU018,21,25.507854381023908
2025-11-09,SKU018,35,24.356564478280625
2025-11-10,SKU018,17,19.924247931755545
2025-11-11,SKU018,24,17.639623944999933
2025-11-12,SKU018,22,19.112547840777644
2025-11-13,SKU018,17,19.424098732400402
2025-11-14,SKU018,13,17.16426138270696
2025-11-15,SKU018,19,23.930634022328917
2025-11-16,SKU018,30,27.285275919394305
2025-11-17,SKU018,20,19.955130684393794
2025-11-19,SKU018,16,18.060308827810672
2025-11-20,SKU018,25,16.671551993492194
2025-11-21,SKU018,18,19.70023824801755
2025-11-22,SKU018,27,22.986617522110265
2025-11-23,SKU018,23,29.677845759184144
2025-11-24,SKU018,18,18.778618166123135
2025-11-25,SKU018,18,19.489904241370787
2025-11-26,SKU018,26,17.67582762953341
2025-11-27,SKU018,19,20.689092294525956
2025-11-28,SKU018,26,17.12014895878623
2025-11-29,SKU018,19,28.166397540307514
2025-11-30,SKU018,26,31.70357844873942
2025-12-01,SKU018,29,20.709571657290816
2025-12-02,SKU018,22,23.794268673227652
2025-12-03,SKU018,20,21.82063303192905
2025-12-04,SKU018,22,20.738070967680137
2025-12-05,SKU018,13,22.70773125902625
2025-12-06,SKU018,22,19.723638448898324
2025-12-07,SKU018,30,24.65192989640499
2025-12-08,SKU018,18,22.979330562934283
2025-12-09,SKU018,22,21.011373837299725
2025-12-10,SKU018,27,21.917806291219286
2025-12-11,SKU018,27,21.92941634313888
2025-12-12,SKU018,27,18.766683530728287
2025-12-13,SKU018,23,22.027270877636028
2025-12-14,SKU018,18,22.295219241154157
2025-12-15,SKU018,20,19.050712128251277
2025-12-16,SKU018,30,20.90378068101775
2025-12-17,SKU018,21,23.476095527448432
2025-12-18,SKU018,24,22.940739407898686
2025-12-19,SKU018,19,21.240154680707473
2025-12-20,SKU018,24,22.594386244043992
2025-12-21,SKU018,22,22.730871038264777
2025-12-22,SKU018,26,19.136977437894
2025-12-23,SKU018,28,23.507454864857444
2025-12-24,SKU018,19,23.98579280205396
2025-12-25,SKU018,21,20.89976920813546
2025-12-26,SKU018,19,22.977626574119675
2025-12-27,SKU018,20,20.381965519093864
2025-12-28,SKU018,28,20.641120608344604
2025-12-29,SKU018,21,22.430211225212677
2025-12-30,SKU018,11,22.75562748213273
2025-12-31,SKU018,26,18.61079775960439
2025-11-06,SKU019,6,12.520337648682919
2025-11-07,SKU019,10,10.361338729762425
2025-11-08,SKU019,17,13.906170500532905
2025-11-09,SKU019,18,18.07865357138508
2025-11-10,SKU019,10,12.625724778974519
2025-11-11,SKU019,15,12.378813628635886
2025-11-12,SKU019,18,15.203033145534047
2025-11-13,SKU019,14,11.38079119702971
2025-11-14,SKU019,14,12.344670733478328
2025-11-15,SKU019,21,18.831275183256537
2025-11-16,SKU019,20,19.69514736817038
2025-11-17,SKU019,14,13.505689579725097
2025-11-19,SKU019,13,13.729139467617399
2025-11-20,SKU019,16,11.416836439353823
2025-11-21,SKU019,18,12.947026871899551
2025-11-22,SKU019,20,21.295360101316273
2025-11-23,SKU019,19,20.90610255642411
2025-11-24,SKU019,17,12.316185758405727
2025-11-25,SKU019,9,14.582548068774459
2025-11-26,SKU019,9,14.353775933254928
2025-11-27,SKU019,12,11.521384114862752
2025-11-28,SKU019,9,13.986740097313094
2025-11-29,SKU019,16,18.888276285478796
2025-11-30,SKU019,16,23.406368709615034
2025-12-01,SKU019,13,15.556065379672829
2025-12-02,SKU019,9,13.535922560582188
2025-12-03,SKU019,21,11.598121551882365
2025-12-04,SKU019,10,13.989913360866508
2025-12-05,SKU019,19,12.348093726936202
2025-12-06,SKU019,12,17.385520306149253
2025-12-07,SKU019,19,15.270943649306489
2025-12-08,SKU019,8,13.941476137354439
2025-12-09,SKU019,10,10.629307081864333
2025-12-10,SKU019,14,15.399257986756194
2025-12-11,SKU019,20,13.005807967896532
2025-12-12,SKU019,17,16.56240321783821
2025-12-13,SKU019,9,17.14802956374604
2025-12-14,SKU019,18,15.262641276151056
2025-12-15,SKU019,16,13.20263203861158
2025-12-16,SKU019,17,12.03317866467296
2025-12-17,SKU019,15,16.937980663376944
2025-12-18,SKU019,14,15.605859833192381
2025-12-19,SKU019,15,16.922257371138045
2025-12-20,SKU019,17,13.430164629226438
2025-12-21,SKU019,13,16.92863161921738
2025-12-22,SKU019,13,14.044115149966212
2025-12-23,SKU019,21,12.740447016447169
2025-12-24,SKU019,12,14.955727399577704
2025-12-25,SKU019,13,14.989515682281425
2025-12-26,SKU019,16,14.312256000768809
2025-12-27,SKU019,11,15.200248426633864
2025-12-28,SKU019,18,13.607558097357822
2025-12-29,SKU019,17,14.657206403150672
2025-12-30,SKU019,9,15.847354653492667
2025-12-31,SKU019,14,14.821037453538588
2025-11-06,SKU020,15,11.035310817202898
2025-11-07,SKU020,10,14.864823482423356
2025-11-08,SKU020,16,17.311429035471626
2025-11-09,SKU020,16,18.668061204409813
2025-11-10,SKU020,13,13.146699544842532
2025-11-11,SKU020,12,8.702054461941406
2025-11-12,SKU020,15,10.975588829969292
2025-11-13,SKU020,11,13.08676198288685
2025-11-14,SKU020,7,12.136735495875545
2025-11-15,SKU020,18,15.878219618540271
2025-11-16,SKU020,16,18.69954726832233
2025-11-17,SKU020,13,10.523367070721573
2025-11-19,SKU020,9,13.007036518937047
2025-11-20,SKU020,9,12.100552929656404
2025-11-21,SKU020,8,9.884608495435998
2025-11-22,SKU020,9,17.499805226119122
2025-11-23,SKU020,21,16.239548844380735
2025-11-24,SKU020,12,15.739189133026592
2025-11-25,SKU020,15,10.717178154864548
2025-11-26,SKU020,15,13.13109211515761
2025-11-27,SKU020,14,11.59698925458614
2025-11-28,SKU020,5,11.540145556882978
2025-11-29,SKU020,19,17.49205769434551
2025-11-30,SKU020,17,21.953415312628092
2025-12-01,SKU020,10,12.595502593000749
2025-12-02,SKU020,12,11.805729323700676
2025-12-03,SKU020,17,11.018190447593929
2025-12-04,SKU020,15,14.324264519678923
2025-12-05,SKU020,10,9.340492304753658
2025-12-06,SKU020,12,14.226967376760276
2025-12-07,SKU020,9,15.097191028458246
2025-12-08,SKU020,13,11.628770390924746
2025-12-09,SKU020,12,13.682878363495956
2025-12-10,SKU020,6,14.943412865961214
2025-12-11,SKU020,13,12.278501246573095
2025-12-12,SKU020,11,9.477610741606359
2025-12-13,SKU020,14,16.119961143157827
2025-12-14,SKU020,13,13.52225563451307
2025-12-15,SKU020,10,12.293357690433153
2025-12-16,SKU020,3,12.070451095817987
2025-12-18,SKU020,6,13.406657851250705
2025-12-19,SKU020,13,9.550001002483034
2025-12-20,SKU020,14,12.310702144980485
2025-12-21,SKU020,14,12.65704073154959
2025-12-22,SKU020,14,12.222158186068825
2025-12-23,SKU020,17,12.642947608915422
2025-12-24,SKU020,12,13.388552747762077
2025-12-25,SKU020,14,11.937851972494283
2025-12-26,SKU020,18,12.08785864167127
2025-12-27,SKU020,13,16.54586043673829
2025-12-28,SKU020,11,13.439822368765533
2025-12-29,SKU020,15,11.27164511132786
2025-12-30,SKU020,11,13.316688220222094
2025-12-31,SKU020,17,14.07459953798602
2025-11-06,SKU021,10,5.017337238283706
2025-11-07,SKU021,10,8.32847411188736
2025-11-08,SKU021,9,12.33824617410103
2025-11-09,SKU021,7,9.782647384530225
2025-11-10,SKU021,6,6.376372007510174
2025-11-11,SKU021,7,6.655936407279514
2025-11-12,SKU021,4,5.012107815428876
2025-11-13,SKU021,7,7.013098348602378
2025-11-14,SKU021,8,9.09618503656601
2025-11-15,SKU021,10,14.403054892357385
2025-11-16,SKU021,3,11.159940432109298
2025-11-17,SKU021,7,4.722711816290517
2025-11-19,SKU021,9,6.695134469998208
2025-11-20,SKU021,6,7.774040128301901
2025-11-21,SKU021,3,7.415393560844071
2025-11-22,SKU021,3,10.421069186969554
2025-11-23,SKU021,8,5.136079915625127
2025-11-24,SKU021,8,6.4161403047390175
2025-11-25,SKU021,9,8.007443050352622
2025-11-26,SKU021,9,6.534477454859868
2025-11-27,SKU021,2,7.333154719621332
2025-11-28,SKU021,4,5.221842453926207
2025-11-29,SKU021,10,12.244664301148541
2025-11-30,SKU021,5,9.17669068396668
2025-12-01,SKU021,5,5.820452068641156
2025-12-02,SKU021,6,6.67174129192346
2025-12-03,SKU021,10,6.643733651432165
2025-12-04,SKU021,9,7.896710638723898
2025-12-05,SKU021,8,7.324942761052974
2025-12-06,SKU021,6,7.978168333356149
2025-12-07,SKU021,8,6.321191807680519
2025-12-08,SKU021,11,6.683148351155371
2025-12-09,SKU021,5,8.102335629158476
2025-12-10,SKU021,7,7.1590608910796405
2025-12-11,SKU021,9,6.478615304448473
2025-12-12,SKU021,5,7.657898808158307
2025-12-13,SKU021,10,8.97826556883874
2025-12-14,SKU021,12,6.3226453979589845
2025-12-15,SKU021,5,8.314372956590915
2025-12-16,SKU021,9,5.85841699680971
2025-12-18,SKU021,5,7.381580265532884
2025-12-19,SKU021,8,5.675941328601239
2025-12-20,SKU021,4,7.115093493757137
2025-12-21,SKU021,11,8.180150981843681
2025-12-22,SKU021,3,8.689242149308456
2025-12-23,SKU021,8,7.205962251169243
2025-12-24,SKU021,10,7.966443805782747
2025-12-25,SKU021,4,7.318132142764618
2025-12-26,SKU021,8,5.7873052131570795
2025-12-27,SKU021,6,9.148467620550676
2025-12-28,SKU021,11,8.363821040266798
2025-12-29,SKU021,5,5.987534161782833
2025-12-30,SKU021,8,7.287581780371205
2025-12-31,SKU021,6,8.659928457818095
2025-11-06,SKU022,5,7.903980853035836
2025-11-07,SKU022,5,7.451127316793716
2025-11-08,SKU022,6,8.981724801489316
2025-11-09,SKU022,6,8.835191790431386
2025-11-10,SKU022,5,8.404640496701836
2025-11-11,SKU022,13,7.383612986351373
2025-11-12,SKU022,7,7.86382249984287
2025-11-13,SKU022,5,6.948044915260616
2025-11-14,SKU022,17,7.004482355149884
2025-11-15,SKU022,16,14.485157214238072
2025-11-16,SKU022,15,10.855935497355624
2025-11-17,SKU022,5,8.914936432205987
2025-11-19,SKU022,8,6.668593119045584
2025-11-20,SKU022,8,6.430299652216171
2025-11-21,SKU022,6,9.94369627723759
2025-11-22,SKU022,13,12.182323268382735
2025-11-23,SKU022,9,12.855921136628636
2025-11-24,SKU022,10,7.016201357188685
2025-11-25,SKU022,7,9.25024013510642
2025-11-26,SKU022,7,6.854909416201274
2025-11-27,SKU022,7,7.614380697699377
2025-11-28,SKU022,7,9.869277338954593
2025-11-29,SKU022,11,15.325441670078849
2025-11-30,SKU022,20,12.306588253173581
2025-12-01,SKU022,7,10.290463350513573
2025-12-02,SKU022,6,7.1759811075821585
2025-12-03,SKU022,12,7.371946705993344
2025-12-04,SKU022,16,8.011898393248835
2025-12-05,SKU022,5,8.165823253283097
2025-12-06,SKU022,11,8.712984684219325
2025-12-07,SKU022,13,10.225293057291172
2025-12-08,SKU022,12,8.067652831354023
2025-12-09,SKU022,8,10.818357116687972
2025-12-10,SKU022,7,8.473464980419326
2025-12-11,SKU022,6,10.020465781066317
2025-12-12,SKU022,6,9.079879224256329
2025-12-13,SKU022,15,12.427117283806263
2025-12-14,SKU022,6,15.303743283690777
2025-12-15,SKU022,12,6.67470729653652
2025-12-16,SKU022,11,7.7930513256709695
2025-12-18,SKU022,5,9.869098291596805
2025-12-19,SKU022,12,6.246807770888555
2025-12-20,SKU022,5,12.663387018608228
2025-12-21,SKU022,11,7.962454879349046
2025-12-22,SKU022,7,11.167871331805944
2025-12-23,SKU022,13,8.886802690034466
2025-12-24,SKU022,15,8.357622792379548
2025-12-25,SKU022,11,8.05336031892983
2025-12-26,SKU022,10,9.687207626716408
2025-12-27,SKU022,17,11.178221610238724
2025-12-28,SKU022,11,12.219325415078458
2025-12-29,SKU022,1,8.235925627431925
2025-12-30,SKU022,7,8.099188703340422
2025-12-31,SKU022,9,11.034320248968477
2025-11-06,SKU023,13,11.56052455578466
2025-11-07,SKU023,6,10.666710597937929
2025-11-08,SKU023,20,14.812054478279613
2025-11-09,SKU023,12,19.40219532936276
2025-11-10,SKU023,13,10.302156426740417
2025-11-11,SKU023,10,12.104516290959243
2025-11-12,SKU023,11,11.8092648583929
2025-11-13,SKU023,13,11.57388007470289
2025-11-14,SKU023,14,9.63266462603935
2025-11-15,SKU023,17,17.74302911744826
2025-11-16,SKU023,10,16.388583876942576
2025-11-17,SKU023,9,11.93745395732926
2025-11-19,SKU023,9,12.801217007829054
2025-11-20,SKU023,10,10.912007815916077
2025-11-21,SKU023,10,11.204612101349767
2025-11-22,SKU023,17,20.05467997685588
2025-11-23,SKU023,20,17.83012343868611
2025-11-24,SKU023,7,11.86610744164449
2025-11-25,SKU023,22,10.242366231590733
2025-11-26,SKU023,6,11.146162170708612
2025-11-27,SKU023,10,10.330214322542439
2025-11-28,SKU023,18,11.618322831424804
2025-11-29,SKU023,15,22.940604787207636
2025-11-30,SKU023,12,18.888615213454454
2025-12-01,SKU023,11,10.087661730269854
2025-12-02,SKU023,9,14.557823081795748
2025-12-03,SKU023,16,10.769792090322401
2025-12-04,SKU023,15,13.111229800247004
2025-12-05,SKU023,18,12.344482714375978
2025-12-06,SKU023,16,17.31179183418493
2025-12-07,SKU023,12,14.96280014098635
2025-12-08,SKU023,14,11.33871577370389
2025-12-09,SKU023,11,14.08808728255584
2025-12-10,SKU023,20,11.947328421512342
2025-12-11,SKU023,11,15.542770359560418
2025-12-12,SKU023,15,15.24145925110203
2025-12-13,SKU023,18,16.35777337286923
2025-12-14,SKU023,9,12.199155929586803
2025-12-15,SKU023,4,10.537877408993532
2025-12-16,SKU023,19,9.92359450717029
2025-12-18,SKU023,16,11.103197839075035
2025-12-19,SKU023,11,15.208345994185413
2025-12-20,SKU023,15,15.341983830089143
2025-12-21,SKU023,24,12.55737331536233
2025-12-22,SKU023,14,11.593065498535692
2025-12-23,SKU023,16,16.96041228113952
2025-12-24,SKU023,18,13.747388036658004
2025-12-25,SKU023,12,14.140029797475881
2025-12-26,SKU023,15,14.447334119562493
2025-12-27,SKU023,17,15.958915032882096
2025-12-28,SKU023,7,14.323411624742258
2025-12-29,SKU023,12,10.117054560082577
2025-12-30,SKU023,13,14.605088268920188
2025-12-31,SKU023,14,14.525430038404094
2025-11-06,SKU024,18,9.138169580797564
2025-11-07,SKU024,9,11.31875292032614
2025-11-08,SKU024,11,12.24610767877321
2025-11-09,SKU024,14,18.077859331554905
2025-11-10,SKU024,7,12.745087944469958
2025-11-11,SKU024,11,9.490035809026564
2025-11-12,SKU024,11,9.773510066233257
2025-11-13,SKU024,12,11.604707432790123
2025-11-14,SKU024,13,10.507158569612375
2025-11-15,SKU024,5,13.576954583674222
2025-11-16,SKU024,23,14.963748602266781
2025-11-17,SKU024,9,11.591080797472992
2025-11-19,SKU024,9,11.023563180133982
2025-11-20,SKU024,7,12.314935901587738
2025-11-21,SKU024,9,9.587593892443886
2025-11-22,SKU024,19,11.563081671180482
2025-11-23,SKU024,13,20.656875831413497
2025-11-24,SKU024,5,10.093772951159254
2025-11-25,SKU024,7,9.491561056001714
2025-11-26,SKU024,12,9.313934810584938
2025-11-27,SKU024,8,9.522701262589939
2025-11-28,SKU024,10,9.462892051401544
2025-11-29,SKU024,20,16.228160890360584
2025-11-30,SKU024,14,22.90476021129152
2025-12-01,SKU024,13,10.270006387503532
2025-12-02,SKU024,11,11.439028713929945
2025-12-03,SKU024,15,9.225493941736207
2025-12-04,SKU024,11,12.417791952272317
2025-12-05,SKU024,12,9.77921530077429
2025-12-06,SKU024,15,15.483997522696603
2025-12-07,SKU024,16,13.202488453976946
2025-12-08,SKU024,7,9.619603996150694
2025-12-09,SKU024,9,9.565875425867594
2025-12-10,SKU024,5,12.471744792237034
2025-12-11,SKU024,14,9.275747219623613
2025-12-12,SKU024,12,12.828863895712725
2025-12-13,SKU024,15,14.458526055151072
2025-12-14,SKU024,10,15.217385539705333
2025-12-15,SKU024,11,9.494940141338231
2025-12-16,SKU024,10,11.918107111357546
2025-12-18,SKU024,15,11.224867228988014
2025-12-19,SKU024,14,12.68824540877664
2025-12-20,SKU024,16,15.9569598389422
2025-12-21,SKU024,9,13.728068787525263
2025-12-22,SKU024,10,8.429387719351553
2025-12-23,SKU024,14,9.594977581746626
2025-12-24,SKU024,5,11.147531643470943
2025-12-25,SKU024,13,11.178995627720024
2025-12-26,SKU024,9,12.686882388177922
2025-12-27,SKU024,14,14.942750203144186
2025-12-28,SKU024,6,11.055910660133735
2025-12-29,SKU024,9,10.640166983460793
2025-12-30,SKU024,9,11.796824391350366
2025-12-31,SKU024,9,11.747232399610406
2025-11-06,SKU025,1,2.9708544459248483
2025-11-07,SKU025,2,2.593917929662635
2025-11-08,SKU025,1,4.0660678303372
2025-11-09,SKU025,3,4.0298341081781155
2025-11-10,SKU025,3,3.0098359542627153
2025-11-11,SKU025,0,3.1398164058312275
2025-11-12,SKU025,4,2.310526536203204
2025-11-13,SKU025,1,2.993627829170557
2025-11-14,SKU025,2,2.237575896613162
2025-11-15,SKU025,5,3.7764882742771024
2025-11-16,SKU025,3,5.281160505747994
2025-11-17,SKU025,2,3.3736521787357203
2025-11-19,SKU025,2,2.4930490848595555
2025-11-20,SKU025,0,2.620883277867396
2025-11-21,SKU025,1,2.5268561414917237
2025-11-22,SKU025,4,4.1393808965617485
2025-11-23,SKU025,3,3.9817919573360583
2025-11-24,SKU025,0,3.16967982234206
2025-11-25,SKU025,2,1.9962652504115364
2025-11-26,SKU025,1,2.8220729918707916
2025-11-27,SKU025,1,2.1814174217310285
2025-11-28,SKU025,1,2.5243605414408536
2025-11-29,SKU025,0,4.923204417867408
2025-11-30,SKU025,4,3.6576524728434787
2025-12-01,SKU025,1,3.0610069067033616
2025-12-02,SKU025,3,2.8100922435875995
2025-12-03,SKU025,0,3.34464256896758
2025-12-04,SKU025,3,1.8355501529200013
2025-12-05,SKU025,2,2.668263265262446
2025-12-06,SKU025,4,2.378779366624356
2025-12-07,SKU025,5,3.0820337924298564
2025-12-08,SKU025,0,2.4687724109863676
2025-12-09,SKU025,1,1.9861995686018852
2025-12-10,SKU025,3,2.2032381257736744
2025-12-11,SKU025,1,2.7104648341911948
2025-12-12,SKU025,2,1.9725304092688043
2025-12-13,SKU025,4,3.2661503297860297
2025-12-14,SKU025,2,3.5370476213619324
2025-12-15,SKU025,3,1.9966409271299461
2025-12-16,SKU025,1,3.001862218502026
2025-12-18,SKU025,2,2.099655832974281
2025-12-19,SKU025,1,3.0237060785849548
2025-12-20,SKU025,3,3.4932322045459814
2025-12-21,SKU025,2,3.5426326561892947
2025-12-22,SKU025,3,2.4785222236196893
2025-12-23,SKU025,1,2.9260720892399634
2025-12-24,SKU025,1,2.0945104713452842
2025-12-25,SKU025,3,2.383786341078083
2025-12-26,SKU025,1,2.991439916573018
2025-12-27,SKU025,5,2.571414835975727
2025-12-28,SKU025,2,3.47452241150501
2025-12-29,SKU025,2,2.2889316375372397
2025-12-30,SKU025,4,2.7790357499709453
2025-12-31,SKU025,1,2.686150074664028
2025-11-06,SKU026,22,16.733598106626935
2025-11-07,SKU026,18,20.165374801488074
2025-11-08,SKU026,19,21.58669434482953
2025-11-09,SKU026,23,23.224780102867832
2025-11-10,SKU026,19,18.34195078869958
2025-11-11,SKU026,21,17.895981467129808
2025-11-12,SKU026,9,15.408076468664813
2025-11-13,SKU026,10,15.02922049470585
2025-11-14,SKU026,18,16.1227429775829
2025-11-15,SKU026,25,23.253472011670937
2025-11-16,SKU026,28,26.332898258114717
2025-11-17,SKU026,16,18.51045404270597
2025-11-19,SKU026,13,11.87050487586316
2025-11-20,SKU026,18,15.03341048557049
2025-11-21,SKU026,22,19.354682380738648
2025-11-22,SKU026,15,24.821062120167515
2025-11-23,SKU026,30,24.537749828285715
2025-11-24,SKU026,16,20.673336902215937
2025-11-25,SKU026,8,16.793462673248076
2025-11-26,SKU026,11,10.900410965363179
2025-11-27,SKU026,19,14.942461087126608
2025-11-28,SKU026,23,18.351764160953266
2025-11-29,SKU026,25,23.893194227251662
2025-11-30,SKU026,24,29.91428224771423
2025-12-01,SKU026,23,17.75622628229045
2025-12-02,SKU026,21,17.08960207571124
2025-12-03,SKU026,23,13.326482570145638
2025-12-04,SKU026,18,21.336777991191415
2025-12-05,SKU026,18,19.509190589014345
2025-12-06,SKU026,21,18.549681583651605
2025-12-07,SKU026,33,21.67532502583501
2025-12-08,SKU026,17,22.82159606902315
2025-12-09,SKU026,18,18.189907325765706
2025-12-10,SKU026,17,15.397812678296955
2025-12-11,SKU026,19,16.342688295177698
2025-12-12,SKU026,11,18.777163482464573
2025-12-13,SKU026,21,20.668191230214475
2025-12-14,SKU026,25,23.421196477192975
2025-12-15,SKU026,16,21.508409744725324
2025-12-16,SKU026,22,17.42509865661948
2025-12-18,SKU026,23,21.10006721779445
2025-12-19,SKU026,20,19.127372211124403
2025-12-20,SKU026,29,19.805982844957263
2025-12-21,SKU026,20,24.320323105403656
2025-12-22,SKU026,20,16.752948703721557
2025-12-23,SKU026,27,17.00920676506149
2025-12-24,SKU026,14,20.870863271234043
2025-12-25,SKU026,15,18.24928005733506
2025-12-26,SKU026,17,17.510108233779125
2025-12-27,SKU026,16,22.55556257992857
2025-12-28,SKU026,26,21.373730289222195
2025-12-29,SKU026,14,21.522366323346954
2025-12-30,SKU026,21,20.615250020555642
2025-12-31,SKU026,20,21.09896261144023
2025-11-06,SKU027,29,14.515706886169175
2025-11-07,SKU027,16,21.176229644269696
2025-11-08,SKU027,30,23.549460865677478
2025-11-09,SKU027,24,24.985313473559078
2025-11-10,SKU027,18,19.369094005823328
2025-11-11,SKU027,16,17.343617316045904
2025-11-12,SKU027,19,17.563578163620445
2025-11-13,SKU027,17,18.400463781538242
2025-11-14,SKU027,23,14.144595413073446
2025-11-15,SKU027,26,28.026516114001016
2025-11-16,SKU027,30,23.13587748831785
2025-11-17,SKU027,23,19.960003294091898
2025-11-19,SKU027,21,19.49188640113689
2025-11-20,SKU027,15,19.16442777101032
2025-11-21,SKU027,21,18.59774932987736
2025-11-22,SKU027,22,28.16535762637597
2025-11-23,SKU027,30,27.4616379525114
2025-11-24,SKU027,20,19.452053762190978
2025-11-25,SKU027,23,20.8343362270446
2025-11-26,SKU027,17,19.83854137214751
2025-11-27,SKU027,21,15.709981409294569
2025-11-28,SKU027,22,18.784544190008432
2025-11-29,SKU027,38,26.262590624520058
2025-11-30,SKU027,21,33.08447576448355
2025-12-01,SKU027,23,21.36573911255444
2025-12-02,SKU027,25,21.029650363247757
2025-12-03,SKU027,14,19.849845570530285
2025-12-04,SKU027,16,20.626761462321564
2025-12-05,SKU027,24,18.555586843234053
2025-12-06,SKU027,25,23.773942600153937
2025-12-07,SKU027,26,23.985960709294545
2025-12-08,SKU027,14,21.96962437409186
2025-12-09,SKU027,21,19.532912047280377
2025-12-10,SKU027,24,18.581787445484522
2025-12-11,SKU027,25,21.017182176335595
2025-12-12,SKU027,27,23.150074714137283
2025-12-13,SKU027,20,24.38319302450125
2025-12-14,SKU027,30,22.835638401145307
2025-12-15,SKU027,23,21.74234770443469
2025-12-16,SKU027,29,23.28459095102452
2025-12-18,SKU027,30,19.6916852856241
2025-12-19,SKU027,22,24.57036738093505
2025-12-20,SKU027,31,21.957452416924298
2025-12-21,SKU027,26,25.133016946038072
2025-12-22,SKU027,22,20.475893581985023
2025-12-23,SKU027,20,23.113611531492218
2025-12-24,SKU027,27,20.766393929944226
2025-12-25,SKU027,16,24.627562915223482
2025-12-26,SKU027,19,21.20293963082382
2025-12-27,SKU027,21,23.349533599910647
2025-12-28,SKU027,19,22.33921056487046
2025-12-29,SKU027,21,20.846448727097584
2025-12-30,SKU027,23,22.293969743272008
2025-12-31,SKU027,23,22.841199082005392
2025-11-06,SKU028,3,4.311201163442271
2025-11-07,SKU028,4,4.707128949344742
2025-11-08,SKU028,7,6.955560930883269
2025-11-09,SKU028,5,5.754910749495915
2025-11-10,SKU028,7,3.7195826816583857
2025-11-11,SKU028,7,5.387340748350609
2025-11-12,SKU028,3,5.134984461361006
2025-11-13,SKU028,10,4.390157226102014
2025-11-14,SKU028,3,5.2161680672612
2025-11-15,SKU028,3,7.147952369051003
2025-11-16,SKU028,7,6.3730329320994885
2025-11-17,SKU028,4,4.876175163310181
2025-11-19,SKU028,9,3.8128758452634313
2025-11-20,SKU028,5,7.27193278780633
2025-11-21,SKU028,4,5.088345802414292
2025-11-22,SKU028,8,5.437772643993414
2025-11-23,SKU028,6,6.813699330652634
2025-11-24,SKU028,5,4.519101836023051
2025-11-25,SKU028,6,5.426569660160058
2025-11-26,SKU028,4,4.623768029017851
2025-11-27,SKU028,5,6.562491740473261
2025-11-28,SKU028,4,3.92032237047666
2025-11-29,SKU028,6,8.182717312962161
2025-11-30,SKU028,4,6.369890729095888
2025-12-01,SKU028,7,3.7445721586489116
2025-12-02,SKU028,4,6.746922476080121
2025-12-03,SKU028,9,5.055493277930644
2025-12-04,SKU028,4,4.789504520036759
2025-12-05,SKU028,5,3.881261195558984
2025-12-06,SKU028,2,6.764503041534284
2025-12-07,SKU028,9,3.481688741467545
2025-12-08,SKU028,2,6.630466753613009
2025-12-09,SKU028,3,4.608206019821167
2025-12-10,SKU028,5,4.650457824384825
2025-12-11,SKU028,1,6.736256805375825
2025-12-12,SKU028,5,2.800571940499594
2025-12-13,SKU028,3,3.593989937856181
2025-12-14,SKU028,6,5.593788277009209
2025-12-15,SKU028,6,4.060007746364768
2025-12-16,SKU028,3,3.6829837308672735
2025-12-18,SKU028,4,4.122650980753039
2025-12-19,SKU028,2,5.010529130103595
2025-12-20,SKU028,1,4.578033336124777
2025-12-21,SKU028,2,4.747033720574853
2025-12-22,SKU028,3,4.213809973238521
2025-12-23,SKU028,6,4.514162576524962
2025-12-24,SKU028,6,5.030444984909353
2025-12-25,SKU028,6,3.9427675338374724
2025-12-26,SKU028,5,4.652320843201914
2025-12-27,SKU028,4,4.633506151348654
2025-12-28,SKU028,1,3.848476583544204
2025-12-29,SKU028,4,4.383074937430114
2025-12-30,SKU028,7,4.7420683398925245
2025-12-31,SKU028,3,7.586693296626226
2025-11-06,SKU029,13,13.474811500416227
2025-11-07,SKU029,13,14.082031441826969
2025-11-08,SKU029,16,15.823826170403011
2025-11-09,SKU029,18,19.14187548567687
2025-11-10,SKU029,9,11.384549014411029
2025-11-11,SKU029,9,8.426558056679486
2025-11-12,SKU029,16,11.483649125312668
2025-11-13,SKU029,9,13.550721028480037
2025-11-14,SKU029,14,12.539922170936434
2025-11-15,SKU029,20,17.93888289264402
2025-11-16,SKU029,21,20.756732959000427
2025-11-17,SKU029,17,11.761029330098074
2025-11-19,SKU029,8,12.358629306984854
2025-11-20,SKU029,14,11.089639366763794
2025-11-21,SKU029,8,14.687052508204836
2025-11-22,SKU029,27,16.517160811995414
2025-11-23,SKU029,15,21.10747680286537
2025-11-24,SKU029,16,13.204717595744539
2025-11-25,SKU029,10,11.914317145056446
2025-11-26,SKU029,15,11.514728604246738
2025-11-27,SKU029,14,13.23986681813027
2025-11-28,SKU029,10,12.490208451267456
2025-11-29,SKU029,13,24.321103171324012
2025-11-30,SKU029,18,20.04199244382806
2025-12-01,SKU029,6,15.584732608730457
2025-12-02,SKU029,10,8.669706905849326
2025-12-03,SKU029,7,11.370810966709788
2025-12-04,SKU029,13,12.575021114094096
2025-12-05,SKU029,19,12.030783507635745
2025-12-06,SKU029,18,18.175762653568004
2025-12-07,SKU029,14,16.006522079274788
2025-12-08,SKU029,17,11.960810745346357
2025-12-09,SKU029,13,11.915320548241702
2025-12-10,SKU029,14,14.261559356606746
2025-12-11,SKU029,18,13.115655970049637
2025-12-12,SKU029,15,14.777130109333799
2025-12-13,SKU029,25,16.02817829522544
2025-12-14,SKU029,13,18.778507096823372
2025-12-15,SKU029,15,13.274956609732172
2025-12-16,SKU029,17,11.671161523624964
2025-12-18,SKU029,14,14.279443814842415
2025-12-19,SKU029,17,14.86672373099053
2025-12-20,SKU029,12,20.9523831657967
2025-12-21,SKU029,16,12.48418131419604
2025-12-22,SKU029,16,16.123976126419745
2025-12-23,SKU029,9,14.772652217040982
2025-12-24,SKU029,19,12.971168762880088
2025-12-25,SKU029,10,16.245058643515723
2025-12-26,SKU029,12,13.719436667945223
2025-12-27,SKU029,17,14.735484766063266
2025-12-28,SKU029,14,15.49380879310459
2025-12-29,SKU029,14,13.628964732150601
2025-12-30,SKU029,14,13.05976367642668
2025-12-31,SKU029,7,14.265092153160987
2025-11-06,SKU030,3,4.812807078707317
2025-11-07,SKU030,2,3.8072048382410046
2025-11-08,SKU030,3,4.058715943132675
2025-11-09,SKU030,4,5.426334352959704
2025-11-10,SKU030,6,4.344134158579921
2025-11-11,SKU030,1,5.923443127811115
2025-11-12,SKU030,3,2.3188648253809903
2025-11-13,SKU030,3,4.85056144834794
2025-11-14,SKU030,4,3.2442992236876367
2025-11-15,SKU030,5,5.136601913371935
2025-11-16,SKU030,12,5.622765657746392
2025-11-17,SKU030,3,5.901743244854963
2025-11-19,SKU030,5,4.223310628203893
2025-11-20,SKU030,4,3.971855420836983
2025-11-21,SKU030,2,3.690535712474577
2025-11-22,SKU030,8,4.659914909776151
2025-11-23,SKU030,7,8.337188844412756
2025-11-24,SKU030,3,3.6530641149268983
2025-11-25,SKU030,0,3.1432409488812647
2025-11-26,SKU030,2,2.939871036949136
2025-11-27,SKU030,3,4.894506257772243
2025-11-28,SKU030,5,3.4398456822573285
2025-11-29,SKU030,8,6.537622621750606
2025-11-30,SKU030,5,8.697540288639132
2025-12-01,SKU030,2,3.7838395345850504
2025-12-02,SKU030,2,5.0555901337092095
2025-12-03,SKU030,5,2.75131252982926
2025-12-04,SKU030,2,3.055476705974252
2025-12-05,SKU030,1,2.7389142322361386
2025-12-06,SKU030,6,5.395225921601539
2025-12-07,SKU030,7,5.17012323918778
2025-12-08,SKU030,5,4.52341381769486
2025-12-09,SKU030,5,2.8482451611817106
2025-12-10,SKU030,6,3.786928299018744
2025-12-11,SKU030,4,3.303454689977292
2025-12-12,SKU030,7,3.6867447330933185
2025-12-13,SKU030,5,6.246549142782997
2025-12-14,SKU030,3,6.667000647931307
2025-12-15,SKU030,4,3.1994154967016923
2025-12-16,SKU030,4,3.9440582829753854
2025-12-18,SKU030,3,3.9077528995032607
2025-12-19,SKU030,5,4.107571080922865
2025-12-20,SKU030,2,6.44683310364969
2025-12-21,SKU030,4,4.43151611608113
2025-12-22,SKU030,3,4.156349748973581
2025-12-23,SKU030,5,3.238726164506796
2025-12-24,SKU030,4,4.296840838661191
2025-12-25,SKU030,1,3.9433284391147203
2025-12-26,SKU030,5,4.8949142612692125
2025-12-27,SKU030,6,5.768142266509151
2025-12-28,SKU030,4,4.229355592619273
2025-12-29,SKU030,4,3.4989400711355167
2025-12-30,SKU030,3,4.193651251850847
2025-12-31,SKU030,7,4.545284916095804
2025-11-06,SKU031,18,16.644990693147008
2025-11-07,SKU031,15,15.905577927529464
2025-11-08,SKU031,21,18.868539505031897
2025-11-09,SKU031,15,20.105638733314013
2025-11-10,SKU031,14,14.378498148048985
2025-11-11,SKU031,18,14.939570056666154
2025-11-12,SKU031,12,14.192247438690691
2025-11-13,SKU031,22,16.397117160701352
2025-11-14,SKU031,16,16.498111475523825
2025-11-15,SKU031,29,19.921199517950463
2025-11-16,SKU031,20,21.965308532970393
2025-11-17,SKU031,9,13.780820230648084
2025-11-19,SKU031,16,15.788441742988198
2025-11-20,SKU031,14,17.9881000214763
2025-11-21,SKU031,20,15.365457345142998
2025-11-22,SKU031,13,25.312154374885953
2025-11-23,SKU031,24,19.766663632107516
2025-11-24,SKU031,14,13.917729293189037
2025-11-25,SKU031,11,16.28764162125826
2025-11-26,SKU031,14,12.043367029641113
2025-11-27,SKU031,8,15.561760893529113
2025-11-28,SKU031,16,15.120345277639608
2025-11-29,SKU031,19,21.873561946007925
2025-11-30,SKU031,22,23.090172350395157
2025-12-01,SKU031,11,13.611618011828954
2025-12-02,SKU031,15,12.470492685775785
2025-12-03,SKU031,14,15.751831913859801
2025-12-04,SKU031,16,14.437832193516005
2025-12-05,SKU031,15,17.175972465051657
2025-12-06,SKU031,14,16.642529112947553
2025-12-07,SKU031,11,17.27772067421556
2025-12-08,SKU031,10,12.28614356219227
2025-12-09,SKU031,17,14.34621983442787
2025-12-10,SKU031,13,14.21105528031066
2025-12-11,SKU031,16,15.583125733680788
2025-12-12,SKU031,11,16.21921398489007
2025-12-13,SKU031,13,19.015307128994188
2025-12-14,SKU031,24,15.452523887960464
2025-12-15,SKU031,20,13.194625176211431
2025-12-16,SKU031,18,17.7418366772806
2025-12-18,SKU031,18,16.803896805300145
2025-12-19,SKU031,16,16.80880299782632
2025-12-20,SKU031,23,13.913335369649912
2025-12-21,SKU031,17,19.9613895198971
2025-12-22,SKU031,14,14.858344079682604
2025-12-23,SKU031,8,15.252938225467886
2025-12-24,SKU031,14,14.023055271076672
2025-12-25,SKU031,13,15.07729504729501
2025-12-26,SKU031,14,14.244052020959279
2025-12-27,SKU031,20,16.806695237376463
2025-12-28,SKU031,14,20.655822278637483
2025-12-29,SKU031,23,15.495358425971977
2025-12-30,SKU031,12,17.707791917187247
2025-12-31,SKU031,15,15.064617987804965
2025-11-06,SKU032,8,8.102919863876467
2025-11-07,SKU032,6,6.19064786381933
2025-11-08,SKU032,12,10.082987584598891
2025-11-09,SKU032,13,9.523921674629126
2025-11-10,SKU032,8,6.947760670502876
2025-11-11,SKU032,5,8.274716594254686
2025-11-12,SKU032,7,6.764479983937132
2025-11-13,SKU032,6,7.820084412511046
2025-11-14,SKU032,8,5.763962294987717
2025-11-15,SKU032,11,13.61991549940091
2025-11-16,SKU032,9,11.178971584019017
2025-11-17,SKU032,11,7.984357672853922
2025-11-19,SKU032,5,8.688734638938024
2025-11-20,SKU032,8,6.99517808344724
2025-11-21,SKU032,10,6.838279192051739
2025-11-22,SKU032,14,12.86999741723613
2025-11-23,SKU032,11,14.237497144503232
2025-11-24,SKU032,5,8.674816638366634
2025-11-25,SKU032,2,8.352355399576448
2025-11-26,SKU032,4,6.874846654132173
2025-11-27,SKU032,10,7.18218042363302
2025-11-28,SKU032,8,9.03645443813752
2025-11-29,SKU032,12,15.393934944156694
2025-11-30,SKU032,9,11.282990584225951
2025-12-01,SKU032,7,8.302161438678278
2025-12-02,SKU032,6,8.336396091815184
2025-12-03,SKU032,12,5.574436528222019
2025-12-04,SKU032,7,9.961226616796464
2025-12-05,SKU032,9,7.781468983184591
2025-12-06,SKU032,7,12.092786064941222
2025-12-07,SKU032,12,9.639212422469699
2025-12-08,SKU032,8,7.556353039538404
2025-12-09,SKU032,6,5.250752401186681
2025-12-10,SKU032,5,7.268489682190796
2025-12-11,SKU032,13,7.060811140834133
2025-12-12,SKU032,7,9.748199299526092
2025-12-13,SKU032,9,9.620962611767057
2025-12-14,SKU032,8,9.229417156185336
2025-12-15,SKU032,9,8.732468624338965
2025-12-16,SKU032,9,8.488634004487938
2025-12-18,SKU032,8,9.335192619687152
2025-12-19,SKU032,6,9.313274534818708
2025-12-20,SKU032,14,8.904580027849757
2025-12-21,SKU032,14,10.470974605049665
2025-12-22,SKU032,3,8.85516947766806
2025-12-23,SKU032,5,5.464918519604861
2025-12-24,SKU032,6,5.922529580041226
2025-12-25,SKU032,8,9.271160916702478
2025-12-26,SKU032,6,8.050889315459226
2025-12-27,SKU032,12,10.299779065188602
2025-12-28,SKU032,11,9.94946374160601
2025-12-29,SKU032,7,7.478865689801105
2025-12-30,SKU032,7,7.196747028695688
2025-12-31,SKU032,12,8.728211962502437
2025-11-06,SKU033,10,9.310287460847267
2025-11-07,SKU033,14,13.103427523826205
2025-11-08,SKU033,27,16.99481346847597
2025-11-09,SKU033,20,18.39562090410493
2025-11-10,SKU033,15,18.665685108470843
2025-11-11,SKU033,19,15.067697171644232
2025-11-12,SKU033,14,14.330936373514653
2025-11-13,SKU033,16,11.597521353316425
2025-11-14,SKU033,14,15.158330892904377
2025-11-15,SKU033,23,18.875371667956678
2025-11-16,SKU033,15,20.096035639919922
2025-11-17,SKU033,12,15.451391961897924
2025-11-19,SKU033,19,11.525059013139513
2025-11-20,SKU033,16,13.499199002139225
2025-11-21,SKU033,12,14.355734188191303
2025-11-22,SKU033,24,26.097466956181936
2025-11-23,SKU033,26,22.896366306032167
2025-11-24,SKU033,12,17.731298922330883
2025-11-25,SKU033,11,14.125980493620245
2025-11-26,SKU033,19,14.981468896236944
2025-11-27,SKU033,13,15.285057855850884
2025-11-28,SKU033,10,13.491241125726628
2025-11-29,SKU033,29,21.44221918056239
2025-11-30,SKU033,27,25.03344106064262
2025-12-01,SKU033,20,17.61377647014433
2025-12-02,SKU033,18,15.009334143112554
2025-12-03,SKU033,15,16.971024912452293
2025-12-04,SKU033,12,14.304477374386076
2025-12-05,SKU033,21,12.177953218483522
2025-12-06,SKU033,10,23.44735737356766
2025-12-07,SKU033,21,19.582344677250536
2025-12-08,SKU033,16,18.275557523180655
2025-12-09,SKU033,18,16.87936624999192
2025-12-10,SKU033,10,16.532754933076262
2025-12-11,SKU033,21,13.767929104424208
2025-12-12,SKU033,14,17.44628049125529
2025-12-13,SKU033,15,17.1667278641309
2025-12-14,SKU033,15,17.249795993653997
2025-12-15,SKU033,15,15.592034416697201
2025-12-16,SKU033,18,16.404698305643773
2025-12-18,SKU033,17,15.05492613355406
2025-12-19,SKU033,10,16.959018333588755
2025-12-20,SKU033,19,14.087273694218577
2025-12-21,SKU033,25,21.63006228325322
2025-12-22,SKU033,14,17.590908050902847
2025-12-23,SKU033,12,15.511912626140514
2025-12-24,SKU033,6,13.180779257701365
2025-12-25,SKU033,15,14.804149518183813
2025-12-26,SKU033,15,12.892409355366812
2025-12-27,SKU033,17,18.04507174620606
2025-12-28,SKU033,17,19.58374233480842
2025-12-29,SKU033,20,16.380636821654605
2025-12-30,SKU033,16,17.671409326857624
2025-12-31,SKU033,6,13.317856642447765
2025-11-06,SKU034,15,15.049949236203567
2025-11-07,SKU034,15,14.119734852523887
2025-11-08,SKU034,25,21.634594942291688
2025-11-09,SKU034,26,19.45549392387984
2025-11-10,SKU034,19,16.824870050380206
2025-11-11,SKU034,9,17.258399771583214
2025-11-12,SKU034,21,14.615252773623066
2025-11-13,SKU034,14,15.14683267582207
2025-11-14,SKU034,15,12.705444333267303
2025-11-15,SKU034,17,26.547542232447064
2025-11-16,SKU034,23,21.547822164371805
2025-11-17,SKU034,19,15.901455979245865
2025-11-19,SKU034,7,16.477523853467993
2025-11-20,SKU034,16,13.075145560825897
2025-11-21,SKU034,24,16.22714430927875
2025-11-22,SKU034,24,23.65632462684587
2025-11-23,SKU034,28,25.726767245614955
2025-11-24,SKU034,18,18.64554051538985
2025-11-25,SKU034,18,14.049163889789233
2025-11-26,SKU034,14,17.040372659296715
2025-11-27,SKU034,15,13.982731160582055
2025-11-28,SKU034,12,16.943712249667165
2025-11-29,SKU034,26,23.351505057524147
2025-11-30,SKU034,27,27.369296189782347
2025-12-01,SKU034,17,19.6348691894299
2025-12-02,SKU034,20,16.999078058180594
2025-12-03,SKU034,21,15.575377797491921
2025-12-04,SKU034,20,18.304096883214893
2025-12-05,SKU034,24,18.513814524608392
2025-12-06,SKU034,19,23.839230306331732
2025-12-07,SKU034,26,22.9565136923041
2025-12-08,SKU034,13,21.502617117415344
2025-12-09,SKU034,15,15.276673273899686
2025-12-10,SKU034,16,18.383258900126954
2025-12-11,SKU034,19,16.092014084186964
2025-12-12,SKU034,21,17.067490360711123
2025-12-13,SKU034,18,19.71086818504683
2025-12-14,SKU034,16,21.027706903115863
2025-12-15,SKU034,13,16.130588089044107
2025-12-16,SKU034,11,15.956441593381676
2025-12-18,SKU034,13,18.671006361913356
2025-12-19,SKU034,26,21.514385476818408
2025-12-20,SKU034,16,22.829357349580558
2025-12-21,SKU034,21,22.24640261480893
2025-12-22,SKU034,15,16.754684101511724
2025-12-23,SKU034,12,15.633949148400289
2025-12-24,SKU034,21,15.529515459445683
2025-12-25,SKU034,16,17.659194730730565
2025-12-26,SKU034,18,19.02232636500471
2025-12-27,SKU034,18,19.3384407695196
2025-12-28,SKU034,24,19.522182261631954
2025-12-29,SKU034,16,17.439221164032162
2025-12-30,SKU034,10,15.40708574290211
2025-12-31,SKU034,16,18.370409836881723
2025-11-06,SKU035,17,15.367985721331662
2025-11-07,SKU035,19,15.726897432945895
2025-11-08,SKU035,18,20.800952388564223
2025-11-09,SKU035,22,21.38472453646884
2025-11-10,SKU035,18,17.59246922857898
2025-11-11,SKU035,15,16.083953355124898
2025-11-12,SKU035,15,13.829936225209153
2025-11-13,SKU035,18,17.66012789476422
2025-11-14,SKU035,20,16.78889913866088
2025-11-15,SKU035,17,21.583044483893257
2025-11-16,SKU035,21,18.637021417028276
2025-11-17,SKU035,16,17.39523109234986
2025-11-19,SKU035,13,15.767123144433246
2025-11-20,SKU035,10,16.678885260407625
2025-11-21,SKU035,21,15.497147442491379
2025-11-22,SKU035,29,21.151836986204835
2025-11-23,SKU035,24,25.973774178595516
2025-11-24,SKU035,9,18.085325600812887
2025-11-25,SKU035,18,14.142418687832546
2025-11-26,SKU035,22,14.493332693648206
2025-11-27,SKU035,14,17.492470918608912
2025-11-28,SKU035,22,17.441257057303545
2025-11-29,SKU035,25,26.78285330512332
2025-11-30,SKU035,21,22.142974476519196
2025-12-01,SKU035,18,15.577281155105895
2025-12-02,SKU035,15,17.076803880865693
2025-12-03,SKU035,13,15.399353406873352
2025-12-04,SKU035,20,14.102773613576192
2025-12-05,SKU035,18,20.524412671805305
2025-12-06,SKU035,21,20.77250390133764
2025-12-07,SKU035,23,20.95291624125095
2025-12-08,SKU035,23,18.32776460601056
2025-12-09,SKU035,11,18.766643771946843
2025-12-10,SKU035,18,15.193662498083476
2025-12-11,SKU035,18,17.754236689027397
2025-12-12,SKU035,19,18.901791222834735
2025-12-13,SKU035,22,19.38558550920766
2025-12-14,SKU035,17,19.744282240696123
2025-12-15,SKU035,18,17.97955360722011
2025-12-16,SKU035,16,17.003892862094556
2025-12-18,SKU035,19,19.410863959505225
2025-12-19,SKU035,12,19.657228545473096
2025-12-20,SKU035,19,22.164865833580077
2025-12-21,SKU035,19,20.22322204073833
2025-12-22,SKU035,22,17.56504004253572
2025-12-23,SKU035,15,18.13469056979017
2025-12-24,SKU035,26,19.519205345431782
2025-12-25,SKU035,23,19.93542069811825
2025-12-26,SKU035,20,20.07751862800223
2025-12-27,SKU035,16,21.521935694303995
2025-12-28,SKU035,26,16.997609816402534
2025-12-29,SKU035,10,20.89590364860702
2025-12-30,SKU035,16,14.558623633215593
2025-12-31,SKU035,14,20.625384332671818
2025-11-06,SKU036,3,3.2784733902405354
2025-11-07,SKU036,3,3.9270342368551776
2025-11-08,SKU036,7,5.985995135567556
2025-11-09,SKU036,3,5.502728615222623
2025-11-10,SKU036,6,3.0098359542627153
2025-11-11,SKU036,4,4.217223088470718
2025-11-12,SKU036,5,3.204234747940049
2025-11-13,SKU036,5,3.901797282569658
2025-11-14,SKU036,7,4.474695071586056
2025-11-15,SKU036,2,6.258247914588934
2025-11-16,SKU036,1,4.508712699520505
2025-11-17,SKU036,2,3.4255756699162725
2025-11-18,SKU036,2,3.634975945936233
2025-11-19,SKU036,5,5.590394636102115
2025-11-20,SKU036,4,4.7873837608205205
2025-11-21,SKU036,8,4.675693875936163
2025-11-22,SKU036,7,7.099405136879508
2025-11-23,SKU036,7,4.94046230151767
2025-11-24,SKU036,5,4.070050931786347
2025-11-25,SKU036,2,4.1906587574678715
2025-11-26,SKU036,7,4.33744609374728
2025-11-27,SKU036,3,4.733097293080783
2025-11-28,SKU036,3,6.81417477027872
2025-11-29,SKU036,6,5.222185915851293
2025-11-30,SKU036,5,5.235738177347189
2025-12-01,SKU036,0,4.100241275542269
2025-12-02,SKU036,7,2.9115159120098126
2025-12-03,SKU036,3,5.7421871210060305
2025-12-04,SKU036,2,3.2893644358818914
2025-12-05,SKU036,3,4.16411716348099
2025-12-06,SKU036,7,5.754460591465426
2025-12-07,SKU036,5,5.142174713441176
2025-12-08,SKU036,5,4.301840676459935
2025-12-09,SKU036,4,4.423801857131699
2025-12-10,SKU036,5,4.506463898063023
2025-12-11,SKU036,2,4.003411694476285
2025-12-12,SKU036,3,3.9978688309790296
2025-12-13,SKU036,8,4.575918649924388
2025-12-14,SKU036,4,4.311057724203035
2025-12-15,SKU036,5,2.7400747852896794
2025-12-16,SKU036,5,4.410745996021929
2025-12-18,SKU036,7,3.936563652003314
2025-12-19,SKU036,5,6.941771124760627
2025-12-20,SKU036,4,7.079368659074378
2025-12-21,SKU036,4,4.938333610661454
2025-12-22,SKU036,3,5.357974912613674
2025-12-23,SKU036,3,4.130923517803082
2025-12-24,SKU036,6,5.927388758829519
2025-12-25,SKU036,2,4.827981118158985
2025-12-26,SKU036,6,3.897485103529093
2025-12-27,SKU036,4,6.277582878867915
2025-12-28,SKU036,6,3.8465346965927045
2025-12-29,SKU036,4,3.313749854400775
2025-12-30,SKU036,2,5.404329759359112
2025-12-31,SKU036,3,4.750340356616369
2025-11-06,SKU037,19,18.598470897148033
2025-11-07,SKU037,26,18.985640176100183
2025-11-08,SKU037,30,25.60691601573645
2025-11-09,SKU037,27,23.299455362043823
2025-11-10,SKU037,22,20.60689799941939
2025-11-11,SKU037,23,17.851041414645035
2025-11-12,SKU037,20,20.74462312615044
2025-11-13,SKU037,22,20.466301109734136
2025-11-14,SKU037,21,20.750147321709886
2025-11-15,SKU037,22,27.23196398985001
2025-11-16,SKU037,20,26.260885004873657
2025-11-17,SKU037,25,19.562115905717626
2025-11-18,SKU037,14,20.943910641511966
2025-11-19,SKU037,27,20.747420740206866
2025-11-20,SKU037,23,18.97843009647289
2025-11-21,SKU037,23,20.596181716248125
2025-11-22,SKU037,27,24.666290500963882
2025-11-23,SKU037,27,26.19223717874926
2025-11-24,SKU037,19,20.428873547375506
2025-11-25,SKU037,16,17.947178361650078
2025-11-26,SKU037,20,21.70871338374305
2025-11-27,SKU037,15,19.377020145604263
2025-11-28,SKU037,19,18.077401976325994
2025-11-29,SKU037,23,27.671290293209562
2025-11-30,SKU037,32,26.67578016898675
2025-12-01,SKU037,26,23.197721117518494
2025-12-02,SKU037,23,19.87700865150194
2025-12-03,SKU037,17,23.496220465210907
2025-12-04,SKU037,12,18.075594264472354
2025-12-05,SKU037,25,20.94944726038303
2025-12-06,SKU037,30,24.88583901210187
2025-12-07,SKU037,22,24.614411649317354
2025-12-08,SKU037,16,22.67523842867149
2025-12-09,SKU037,22,20.639305530392292
2025-12-10,SKU037,19,20.31245759041663
2025-12-11,SKU037,16,18.527802687533207
2025-12-12,SKU037,18,19.427967672555248
2025-12-13,SKU037,20,21.621980153131684
2025-12-14,SKU037,22,20.01745335541039
2025-12-15,SKU037,19,21.918871874818535
2025-12-16,SKU037,14,18.795579321229113
2025-12-18,SKU037,19,19.848609554707902
2025-12-19,SKU037,17,21.250767926354097
2025-12-20,SKU037,19,23.434189790679376
2025-12-21,SKU037,26,22.258634296704606
2025-12-22,SKU037,28,20.74522358076549
2025-12-23,SKU037,20,21.14857383949179
2025-12-24,SKU037,22,20.315745959399067
2025-12-25,SKU037,23,18.783183426079628
2025-12-26,SKU037,23,20.12546545603605
2025-12-27,SKU037,20,20.75303705465931
2025-12-28,SKU037,25,23.359518389235102
2025-12-29,SKU037,19,22.50232729727968
2025-12-30,SKU037,23,18.33892773501978
2025-12-31,SKU037,17,21.19256363682422
2025-11-06,SKU038,10,5.9337057606511046
2025-11-07,SKU038,5,7.435372363080676
2025-11-08,SKU038,9,6.124094706023324
2025-11-09,SKU038,8,8.65735344347637
2025-11-10,SKU038,5,6.959288302672477
2025-11-11,SKU038,6,6.155526527784391
2025-11-12,SKU038,9,5.8176499708960945
2025-11-13,SKU038,4,7.743615446118694
2025-11-14,SKU038,7,5.280672894432921
2025-11-15,SKU038,7,7.621422544838287
2025-11-16,SKU038,10,7.902477639445702
2025-11-17,SKU038,7,7.087026449543205
2025-11-18,SKU038,8,5.38038632618104
2025-11-19,SKU038,5,6.824706838994292
2025-11-20,SKU038,8,7.637773470367601
2025-11-21,SKU038,14,7.026421864123421
2025-11-22,SKU038,13,11.843096605259099
2025-11-23,SKU038,6,12.601481337832316
2025-11-24,SKU038,6,5.02437289700444
2025-11-25,SKU038,8,7.367115096296398
2025-11-26,SKU038,8,8.039189590737914
2025-11-27,SKU038,8,6.177509115598392
2025-11-28,SKU038,6,8.861773207162166
2025-11-29,SKU038,9,8.335392741658001
2025-11-30,SKU038,16,8.629660895233348
2025-12-01,SKU038,5,8.862823497994752
2025-12-02,SKU038,5,6.895967502436481
2025-12-03,SKU038,5,5.650580295729711
2025-12-04,SKU038,6,8.027586552510531
2025-12-05,SKU038,5,7.093833706852433
2025-12-06,SKU038,7,8.806565519991054
2025-12-07,SKU038,6,9.328086249855104
2025-12-08,SKU038,9,4.944854409163716
2025-12-09,SKU038,11,7.107183005161062
2025-12-10,SKU038,5,8.608012379689121
2025-12-11,SKU038,3,5.33844611900676
2025-12-12,SKU038,8,5.125053979824682
2025-12-13,SKU038,8,7.695555991335
2025-12-14,SKU038,5,9.553668344206008
2025-12-15,SKU038,5,5.870504144928139
2025-12-16,SKU038,6,7.237896134991143
2025-12-18,SKU038,11,6.123343515183467
2025-12-19,SKU038,12,9.875273804433453
2025-12-20,SKU038,5,10.974339062327596
2025-12-21,SKU038,5,5.61812134126136
2025-12-22,SKU038,6,6.199261932701036
2025-12-23,SKU038,10,8.417694163626956
2025-12-24,SKU038,11,8.230485017767045
2025-12-25,SKU038,4,9.388191578108039
2025-12-26,SKU038,7,8.047582709969204
2025-12-27,SKU038,8,7.845343031680605
2025-12-28,SKU038,10,8.342959315801348
2025-12-29,SKU038,7,6.717157041650063
2025-12-30,SKU038,13,7.745245751219572
2025-12-31,SKU038,11,9.855416025845903
2025-11-06,SKU039,3,3.0291912451957663
2025-11-07,SKU039,1,3.5153888805498195
2025-11-08,SKU039,1,3.820318166970014
2025-11-09,SKU039,2,3.6839560838921828
2025-11-10,SKU039,3,2.7705492582174216
2025-11-11,SKU039,6,3.2269091580179357
2025-11-12,SKU039,2,3.7018793502924865
2025-11-13,SKU039,5,2.900074805990282
2025-11-14,SKU039,5,3.559297902046907
2025-11-15,SKU039,3,4.628015378904482
2025-11-16,SKU039,0,3.5531203465916903
2025-11-17,SKU039,5,2.263126117358899
2025-11-18,SKU039,1,5.003768202656633
2025-11-19,SKU039,3,2.3025046381072722
2025-11-20,SKU039,3,3.788013418641292
2025-11-21,SKU039,0,3.3851548423236637
2025-11-22,SKU039,2,3.610496338410588
2025-11-23,SKU039,4,3.869745600478761
2025-11-24,SKU039,0,3.8421515828069106
2025-11-25,SKU039,0,2.8628488210502048
2025-11-26,SKU039,2,2.705743001303549
2025-11-27,SKU039,3,3.049485905742463
2025-11-28,SKU039,2,3.7163535573659896
2025-11-29,SKU039,3,4.018491158275947
2025-11-30,SKU039,3,4.037465343802968
2025-12-01,SKU039,7,3.954077587114318
2025-12-03,SKU039,4,3.201311934141238
2025-12-04,SKU039,2,3.2407917242628783
2025-12-05,SKU039,2,2.083307994686893
2025-12-06,SKU039,2,2.1699866413673323
2025-12-07,SKU039,2,2.5169811869416505
2025-12-08,SKU039,0,3.0111141985230088
2025-12-09,SKU039,3,3.1375612096601593
2025-12-10,SKU039,3,2.947745969889629
2025-12-11,SKU039,3,3.286884278181172
2025-12-12,SKU039,1,3.224641566001266
2025-12-13,SKU039,4,2.5962456022143288
2025-12-14,SKU039,1,2.5065385836643173
2025-12-15,SKU039,1,3.437910208850535
2025-12-16,SKU039,4,2.447629176280749
2025-12-18,SKU039,0,2.8726966972071275
2025-12-19,SKU039,2,2.354026700602974
2025-12-20,SKU039,2,3.062805434882092
2025-12-21,SKU039,3,3.0247132056874673
2025-12-22,SKU039,3,1.8598724253363426
2025-12-23,SKU039,7,3.1837263585452624
2025-12-24,SKU039,1,4.053595775182375
2025-12-25,SKU039,6,3.107361444400696
2025-12-26,SKU039,2,3.234505724039401
2025-12-27,SKU039,1,3.175701751562954
2025-12-28,SKU039,1,2.4012615946632603
2025-12-29,SKU039,3,3.8166654269168943
2025-12-30,SKU039,6,5.127500723153421
2025-12-31,SKU039,3,3.415322067526261
2025-11-06,SKU040,13,11.722984134799708
2025-11-07,SKU040,16,13.676345354534588
2025-11-08,SKU040,13,17.68236610435737
2025-11-09,SKU040,14,16.894902768194264
2025-11-10,SKU040,14,13.91204864048962
2025-11-11,SKU040,7,12.458371694539414
2025-11-12,SKU040,12,10.022454546026232
2025-11-13,SKU040,12,10.95228090414251
2025-11-14,SKU040,17,13.942040923838846
2025-11-15,SKU040,21,19.70790984025056
2025-11-16,SKU040,15,17.71600346111905
2025-11-17,SKU040,10,11.976174270073642
2025-11-18,SKU040,7,11.94983498356026
2025-11-19,SKU040,15,10.405492561116644
2025-11-20,SKU040,16,15.281321488162241
2025-11-21,SKU040,5,14.890841056561223
2025-11-22,SKU040,14,13.912268737263954
2025-11-23,SKU040,19,19.74858311212312
2025-11-24,SKU040,8,13.955581497510904
2025-11-25,SKU040,11,9.128632721704061
2025-11-26,SKU040,5,12.181147636019539
2025-11-27,SKU040,12,11.533519675053613
2025-11-28,SKU040,11,13.617780866633138
2025-11-29,SKU040,14,20.51910865845048
2025-11-30,SKU040,15,19.20910390273395
2025-12-01,SKU040,14,11.156442693631167
2025-12-03,SKU040,8,13.491881155220161
2025-12-04,SKU040,20,12.29708979218277
2025-12-05,SKU040,11,14.421916571803138
2025-12-06,SKU040,17,13.209730322415428
2025-12-07,SKU040,14,15.721966099032944
2025-12-08,SKU040,9,12.39081531777861
2025-12-09,SKU040,13,11.067062208198534
2025-12-10,SKU040,13,9.97974767453064
2025-12-11,SKU040,15,15.310645066779083
2025-12-12,SKU040,15,14.483212892205104
2025-12-13,SKU040,16,16.34668632535002
2025-12-14,SKU040,20,14.29552991545549
2025-12-15,SKU040,12,12.225998043993924
2025-12-16,SKU040,21,12.989305179735714
2025-12-18,SKU040,10,15.463714066131237
2025-12-19,SKU040,14,11.469680506282208
2025-12-20,SKU040,14,15.209030036237607
2025-12-21,SKU040,15,15.371154163929855
2025-12-22,SKU040,17,11.210606595105773
2025-12-23,SKU040,15,15.5805555398344
2025-12-24,SKU040,18,10.55836731806288
2025-12-25,SKU040,5,14.5551122121185
2025-12-26,SKU040,7,11.886579757083172
2025-12-27,SKU040,8,12.904971207986122
2025-12-28,SKU040,6,14.66781176906799
2025-12-29,SKU040,10,13.143239998382338
2025-12-30,SKU040,9,17.29871600646705
2025-12-31,SKU040,13,10.886983252725036
2025-11-06,SKU041,16,9.277867158117452
2025-11-07,SKU041,4,11.431220648040382
2025-11-08,SKU041,19,12.39761252037593
2025-11-09,SKU041,17,13.666787893264829
2025-11-10,SKU041,8,10.172111009856549
2025-11-11,SKU041,5,7.860890934910491
2025-11-12,SKU041,12,5.02659331168371
2025-11-13,SKU041,6,11.165545650910019
2025-11-14,SKU041,13,8.722213538140029
2025-11-15,SKU041,10,17.109392028714037
2025-11-16,SKU041,11,14.233563187491416
2025-11-17,SKU041,8,7.518695670323331
2025-11-18,SKU041,2,7.485233216341347
2025-11-19,SKU041,12,7.509257187429135
2025-11-20,SKU041,6,12.446743482583143
2025-11-21,SKU041,5,7.692749857790986
2025-11-22,SKU041,6,11.56335953418015
2025-11-23,SKU041,13,12.989391242045322
2025-11-24,SKU041,8,8.119534401544163
2025-11-25,SKU041,17,5.479575847954205
2025-11-26,SKU041,9,12.037297540364369
2025-11-27,SKU041,7,7.8931055873177485
2025-11-28,SKU041,13,9.311753596479818
2025-11-29,SKU041,13,16.0184732437789
2025-11-30,SKU041,16,14.742624901159044
2025-12-01,SKU041,11,8.782710380621316
2025-12-03,SKU041,14,9.580672158215851
2025-12-04,SKU041,8,11.095046780227182
2025-12-05,SKU041,13,7.257647388280151
2025-12-06,SKU041,12,13.542662714212588
2025-12-07,SKU041,11,12.948291520357962
2025-12-08,SKU041,7,9.106819103212153
2025-12-09,SKU041,7,9.78303727194565
2025-12-10,SKU041,10,10.689936920353649
2025-12-11,SKU041,7,7.412048170890266
2025-12-12,SKU041,9,12.13108880019886
2025-12-13,SKU041,11,11.171408828776782
2025-12-14,SKU041,15,11.816831611465258
2025-12-15,SKU041,14,9.313187964022065
2025-12-16,SKU041,7,8.475851838599409
2025-12-18,SKU041,7,7.818315572745756
2025-12-19,SKU041,11,8.798993226389618
2025-12-20,SKU041,11,10.351693680031724
2025-12-21,SKU041,14,12.101333807830482
2025-12-22,SKU041,5,11.804508182768236
2025-12-23,SKU041,17,9.388314085699275
2025-12-24,SKU041,9,10.964771623687131
2025-12-25,SKU041,12,8.167524873949922
2025-12-26,SKU041,10,12.150432822758706
2025-12-27,SKU041,14,11.715425643528555
2025-12-28,SKU041,3,13.832086368249097
2025-12-29,SKU041,9,8.304323749767496
2025-12-30,SKU041,11,11.217384445104061
2025-12-31,SKU041,5,10.812713157055814
2025-11-06,SKU042,23,17.59851104889064
2025-11-07,SKU042,14,17.985214152688744
2025-11-08,SKU042,31,22.42275620793873
2025-11-09,SKU042,18,24.730684022048788
2025-11-10,SKU042,17,18.51091355060809
2025-11-11,SKU042,14,18.104305885772824
2025-11-12,SKU042,12,14.959395472346186
2025-11-13,SKU042,16,17.427739806253875
2025-11-14,SKU042,15,16.97197469077947
2025-11-15,SKU042,24,26.230434958697366
2025-11-16,SKU042,34,22.25519201746856
2025-11-17,SKU042,18,18.64602484869552
2025-11-18,SKU042,14,16.23897011275488
2025-11-19,SKU042,15,15.154702910595663
2025-11-20,SKU042,14,17.538795947015522
2025-11-21,SKU042,16,14.372686581581348
2025-11-22,SKU042,27,26.390596720619673
2025-11-23,SKU042,20,28.00767200850906
2025-11-24,SKU042,14,16.81079396220048
2025-11-25,SKU042,22,15.360981967481983
2025-11-26,SKU042,19,14.661990997535531
2025-11-27,SKU042,18,16.456753069619968
2025-11-28,SKU042,22,15.971039458945299
2025-11-29,SKU042,28,29.529866951316738
2025-11-30,SKU042,19,28.70646029750979
2025-12-01,SKU042,21,17.943795245069843
2025-12-03,SKU042,25,18.001284306645026
2025-12-04,SKU042,18,20.901029543287976
2025-12-05,SKU042,29,17.292017692603327
2025-12-06,SKU042,27,24.82391078033833
2025-12-07,SKU042,17,20.51848741580695
2025-12-08,SKU042,18,17.23410289674992
2025-12-09,SKU042,22,17.839853009211847
2025-12-10,SKU042,16,19.778178544897834
2025-12-11,SKU042,18,17.5395213952606
2025-12-12,SKU042,14,19.48034490771902
2025-12-13,SKU042,21,22.195034672741066
2025-12-14,SKU042,16,22.08584373565936
2025-12-15,SKU042,21,18.75845455015123
2025-12-16,SKU042,25,18.60001306859117
2025-12-18,SKU042,21,16.967856008148228
2025-12-19,SKU042,23,20.494478007109894
2025-12-20,SKU042,31,24.322267296113232
2025-12-21,SKU042,34,19.60509456063231
2025-12-22,SKU042,17,19.12111472230311
2025-12-23,SKU042,20,20.896795900461935
2025-12-24,SKU042,24,18.76424580483664
2025-12-25,SKU042,21,20.601917805653994
2025-12-26,SKU042,26,19.847725577488433
2025-12-27,SKU042,17,24.995465245641302
2025-12-28,SKU042,23,19.31989656210303
2025-12-29,SKU042,21,21.640990988280194
2025-12-30,SKU042,19,21.110274038548976
2025-12-31,SKU042,17,20.51458357371272
2025-11-06,SKU043,18,15.145845067450557
2025-11-07,SKU043,21,17.585952628988814
2025-11-08,SKU043,31,23.682713747617935
2025-11-09,SKU043,19,25.71626272908719
2025-11-10,SKU043,17,18.76976287368319
2025-11-11,SKU043,20,17.653802005604557
2025-11-12,SKU043,23,17.536357179461337
2025-11-13,SKU043,13,17.966852770372313
2025-11-14,SKU043,16,16.481067967066494
2025-11-15,SKU043,25,27.001115942938604
2025-11-16,SKU043,31,24.380096933524598
2025-11-17,SKU043,12,19.82585359987345
2025-11-18,SKU043,18,19.59144826138597
2025-11-19,SKU043,29,17.36872112638612
2025-11-20,SKU043,19,16.956230758817878
2025-11-21,SKU043,20,16.98591313963855
2025-11-22,SKU043,22,26.564979483961867
2025-11-23,SKU043,24,27.303614615183918
2025-11-24,SKU043,11,16.01226731837176
2025-11-25,SKU043,15,18.575708961940055
2025-11-26,SKU043,12,19.08729116344655
2025-11-27,SKU043,12,14.881866199513187
2025-11-28,SKU043,20,16.871912366490886
2025-11-29,SKU043,23,26.926869691211426
2025-11-30,SKU043,20,28.896433438205115
2025-12-01,SKU043,22,15.297516341470422
2025-12-03,SKU043,19,18.1596017333528
2025-12-04,SKU043,19,17.4944574791939
2025-12-05,SKU043,16,20.11493210372474
2025-12-06,SKU043,17,21.353352928747693
2025-12-07,SKU043,17,18.693999540273914
2025-12-08,SKU043,17,16.594493614152245
2025-12-09,SKU043,23,17.590419256277258
2025-12-10,SKU043,16,21.274213295510492
2025-12-11,SKU043,25,16.035075865029423
2025-12-12,SKU043,21,20.052067959560084
2025-12-13,SKU043,20,21.653573373951623
2025-12-14,SKU043,20,21.368043969099695
2025-12-15,SKU043,13,16.880303410491308
2025-12-16,SKU043,21,18.168249253850295
2025-12-18,SKU043,20,19.00359207342792
2025-12-19,SKU043,22,19.38716790510358
2025-12-20,SKU043,26,19.78729217766174
2025-12-21,SKU043,16,21.695172007703846
2025-12-22,SKU043,12,13.572535459191213
2025-12-23,SKU043,13,18.17630969280097
2025-12-24,SKU043,14,14.426706107746119
2025-12-25,SKU043,24,18.37142623916029
2025-12-26,SKU043,16,22.010050381765215
2025-12-27,SKU043,30,20.971159959241007
2025-12-28,SKU043,17,21.228374676366403
2025-12-29,SKU043,22,16.682599497528567
2025-12-30,SKU043,23,19.279545635726482
2025-12-31,SKU043,30,17.909570362707505
2025-11-06,SKU044,12,7.459243540923781
2025-11-07,SKU044,4,9.90859408488753
2025-11-08,SKU044,6,9.677265133807554
2025-11-09,SKU044,13,8.464987183452754
2025-11-10,SKU044,6,8.082076387404802
2025-11-11,SKU044,6,6.521876719891771
2025-11-12,SKU044,3,7.295084833812424
2025-11-13,SKU044,9,6.39619221192359
2025-11-14,SKU044,7,9.541542047759215
2025-11-15,SKU044,8,9.20213925280066
2025-11-16,SKU044,14,13.012403488805836
2025-11-17,SKU044,8,6.777783707971932
2025-11-18,SKU044,2,5.787127543940144
2025-11-19,SKU044,4,6.76248845594633
2025-11-20,SKU044,5,8.496114928253503
2025-11-21,SKU044,7,6.4701674144603665
2025-11-22,SKU044,4,9.887704691378275
2025-11-23,SKU044,16,12.688421897299131
2025-11-24,SKU044,7,7.976671681839757
2025-11-25,SKU044,11,5.790150862201712
2025-11-26,SKU044,4,5.905104733860244
2025-11-27,SKU044,7,5.853662146839097
2025-11-28,SKU044,7,8.454272300486949
2025-11-29,SKU044,14,10.449712051532153
2025-11-30,SKU044,7,17.223517766302674
2025-12-01,SKU044,5,7.217460399127418
2025-12-03,SKU044,14,7.559149460782098
2025-12-04,SKU044,7,9.835801147997836
2025-12-05,SKU044,7,6.585819345976352
2025-12-06,SKU044,7,8.164068755301424
2025-12-07,SKU044,4,10.26909117870966
2025-12-08,SKU044,4,5.123320413582529
2025-12-09,SKU044,10,7.293083406276413
2025-12-10,SKU044,7,8.80787629372133
2025-12-11,SKU044,9,7.499588937653441
2025-12-12,SKU044,5,7.590220656265755
2025-12-13,SKU044,10,8.187776423713052
2025-12-14,SKU044,12,9.300128157160547
2025-12-15,SKU044,9,6.909908725929349
2025-12-16,SKU044,11,7.964937609168772
2025-12-18,SKU044,6,8.502867530848059
2025-12-19,SKU044,7,6.99278513047209
2025-12-20,SKU044,10,7.807724634006713
2025-12-21,SKU044,8,10.702812737709147
2025-12-22,SKU044,6,7.242719811426548
2025-12-23,SKU044,8,10.49004437552431
2025-12-24,SKU044,8,8.435535746342707
2025-12-25,SKU044,10,8.224559276155986
2025-12-26,SKU044,10,7.758458894866836
2025-12-27,SKU044,8,11.721248400233636
2025-12-28,SKU044,11,8.104772601846665
2025-12-29,SKU044,9,7.477941932359868
2025-12-30,SKU044,5,9.526643384491221
2025-12-31,SKU044,5,10.045770053573769
2025-11-06,SKU045,18,17.79505096122438
2025-11-07,SKU045,23,19.4852019426231
2025-11-08,SKU045,33,21.939915377510236
2025-11-09,SKU045,28,27.056267896698397
2025-11-10,SKU045,24,17.63978597115691
2025-11-11,SKU045,15,18.269754411201323
2025-11-12,SKU045,18,17.800749556448388
2025-11-13,SKU045,19,15.643636618564413
2025-11-14,SKU045,25,17.995962638750253
2025-11-15,SKU045,22,27.002527193137528
2025-11-16,SKU045,27,26.469873872131945
2025-11-17,SKU045,15,19.139117429539425
2025-11-18,SKU045,22,18.06822587350995
2025-11-19,SKU045,15,19.951103489281895
2025-11-20,SKU045,17,17.51017491658453
2025-11-21,SKU045,29,19.527616262098217
2025-11-22,SKU045,33,27.15387443404641
2025-11-23,SKU045,24,31.84446844739379
2025-11-24,SKU045,18,19.545181365581833
2025-11-25,SKU045,26,17.65862678029027
2025-11-26,SKU045,15,19.05002604148521
2025-11-27,SKU045,17,15.63068119539816
2025-11-28,SKU045,24,20.80342071871184
2025-11-29,SKU045,30,30.06328827450566
2025-11-30,SKU045,34,30.597439300394697
2025-12-01,SKU045,18,17.43502576664483
2025-12-03,SKU045,26,20.973725018922764
2025-12-04,SKU045,24,21.53082832512516
2025-12-05,SKU045,19,22.259217358058894
2025-12-06,SKU045,27,23.960170105860136
2025-12-07,SKU045,29,24.061344136856338
2025-12-08,SKU045,20,23.38074787897892
2025-12-09,SKU045,26,21.300687311471368
2025-12-10,SKU045,20,22.457445271214773
2025-12-11,SKU045,16,19.477021616330916
2025-12-12,SKU045,17,21.95929484619995
2025-12-13,SKU045,26,21.741951515343164
2025-12-14,SKU045,27,23.49471414861346
2025-12-15,SKU045,20,21.231014032750007
2025-12-16,SKU045,19,22.35132762243179
2025-12-18,SKU045,10,18.672283273443355
2025-12-19,SKU045,18,19.71769868037441
2025-12-20,SKU045,21,24.029158940221624
2025-12-21,SKU045,22,23.05056399027875
2025-12-22,SKU045,22,19.77689727932964
2025-12-23,SKU045,15,23.21928521020163
2025-12-24,SKU045,15,16.561918431271295
2025-12-25,SKU045,28,15.704962032991984
2025-12-26,SKU045,24,22.439768485516446
2025-12-27,SKU045,23,25.330585642687858
2025-12-28,SKU045,30,24.838107982275538
2025-12-29,SKU045,19,21.724234561877875
2025-12-30,SKU045,20,19.185302060428874
2025-12-31,SKU045,20,18.98104122604855
2025-11-06,SKU046,13,6.98065800275317
2025-11-07,SKU046,2,6.769034583156011
2025-11-08,SKU046,8,7.803884390803301
2025-11-09,SKU046,9,12.541792766641713
2025-11-10,SKU046,6,6.489413064748045
2025-11-11,SKU046,7,6.991996004789853
2025-11-12,SKU046,5,7.661469789549774
2025-11-13,SKU046,10,5.965059528370385
2025-11-14,SKU046,9,7.526263974411951
2025-11-15,SKU046,13,9.411585804451725
2025-11-16,SKU046,6,11.747752776648891
2025-11-17,SKU046,13,5.882281276226189
2025-11-18,SKU046,5,7.795018153304943
2025-11-19,SKU046,10,7.207282457990484
2025-11-20,SKU046,6,10.74720272212426
2025-11-21,SKU046,7,5.848617866002246
2025-11-22,SKU046,7,9.478015950718348
2025-11-23,SKU046,5,8.116585324248478
2025-11-24,SKU046,6,7.193187946266332
2025-11-25,SKU046,8,7.193951723822723
2025-11-26,SKU046,6,8.916821224332683
2025-11-27,SKU046,5,6.34905537767522
2025-11-28,SKU046,6,6.674892445022575
2025-11-29,SKU046,12,10.827681265413641
2025-11-30,SKU046,9,11.802527877918743
2025-12-01,SKU046,7,7.811261105430384
2025-12-03,SKU046,6,7.939274372132168
2025-12-04,SKU046,8,7.239450680142731
2025-12-05,SKU046,6,5.934825900998104
2025-12-06,SKU046,8,8.088638976088639
2025-12-07,SKU046,14,7.086835670165823
2025-12-08,SKU046,7,7.042225500484304
2025-12-09,SKU046,10,7.501766949464446
2025-12-10,SKU046,9,6.829358639417223
2025-12-11,SKU046,13,7.765382811010546
2025-12-12,SKU046,10,8.455835609546332
2025-12-13,SKU046,8,11.348128967822245
2025-12-14,SKU046,9,8.20787630515674
2025-12-15,SKU046,8,9.779631478643546
2025-12-16,SKU046,8,7.6662171498427565
2025-12-18,SKU046,1,9.380709870421484
2025-12-19,SKU046,11,6.442495399497668
2025-12-20,SKU046,12,8.598034023450097
2025-12-21,SKU046,8,9.667286998612617
2025-12-22,SKU046,9,7.412953137098231
2025-12-23,SKU046,12,9.43524078676872
2025-12-24,SKU046,5,9.258122162872743
2025-12-25,SKU046,5,6.531187580630061
2025-12-26,SKU046,9,8.78865018104136
2025-12-27,SKU046,9,10.678248451045329
2025-12-28,SKU046,9,8.434126013716787
2025-12-29,SKU046,9,8.272605521907462
2025-12-30,SKU046,3,9.450059778521865
2025-12-31,SKU046,5,5.646982888456387
2025-11-06,SKU047,10,13.918010287674434
2025-11-07,SKU047,10,9.850963311945176
2025-11-08,SKU047,17,15.232147742673638
2025-11-09,SKU047,24,16.2950556326384
2025-11-10,SKU047,10,15.001327331837967
2025-11-11,SKU047,19,10.188602529455734
2025-11-12,SKU047,9,13.747449459985658
2025-11-13,SKU047,11,11.518379736995671
2025-11-14,SKU047,7,10.727713391834392
2025-11-15,SKU047,25,16.164342029732445
2025-11-16,SKU047,20,21.4296600024005
2025-11-17,SKU047,9,12.481675346504927
2025-11-18,SKU047,13,13.753827681471645
2025-11-19,SKU047,8,12.681558055504143
2025-11-20,SKU047,12,9.896444247611752
2025-11-21,SKU047,12,9.577903876279624
2025-11-22,SKU047,21,22.20299566028797
2025-11-23,SKU047,6,22.569738853523642
2025-11-24,SKU047,14,10.711095395785804
2025-11-25,SKU047,10,13.983191499452715
2025-11-26,SKU047,8,9.25672731168516
2025-11-27,SKU047,12,12.281234851129934
2025-11-28,SKU047,13,11.886212188876828
2025-11-29,SKU047,10,25.098507302741055
2025-11-30,SKU047,23,17.29315541668583
2025-12-01,SKU047,11,14.368473771131178
2025-12-03,SKU047,12,11.788535678021073
2025-12-04,SKU047,20,11.222997626857241
2025-12-05,SKU047,15,13.337321338752158
2025-12-06,SKU047,19,16.919093006429154
2025-12-07,SKU047,20,17.668271027782477
2025-12-08,SKU047,13,13.105792006432727
2025-12-09,SKU047,12,13.758800920449639
2025-12-10,SKU047,14,10.44428724188809
2025-12-11,SKU047,8,14.851957926058004
2025-12-12,SKU047,15,10.589606665395154
2025-12-13,SKU047,14,17.93348757131934
2025-12-14,SKU047,10,17.3049004354767
2025-12-15,SKU047,18,10.402685220477395
2025-12-16,SKU047,16,13.644598646787045
2025-12-18,SKU047,12,12.790673448100199
2025-12-19,SKU047,12,14.270619848196407
2025-12-20,SKU047,14,15.287123451242648
2025-12-21,SKU047,18,14.1227694922176
2025-12-22,SKU047,9,14.721396732420237
2025-12-23,SKU047,12,12.169764129844213
2025-12-24,SKU047,15,11.336948404311826
2025-12-25,SKU047,9,12.933482875503614
2025-12-26,SKU047,16,12.45664584215007
2025-12-27,SKU047,15,13.576978068206033
2025-12-28,SKU047,12,14.71529474146238
2025-12-29,SKU047,20,12.885211149025519
2025-12-30,SKU047,15,15.281195986700402
2025-12-31,SKU047,6,13.487408271822066
2025-11-06,SKU048,7,9.898049055892521
2025-11-07,SKU048,5,6.4268220515853685
2025-11-08,SKU048,12,6.93690138759292
2025-11-09,SKU048,7,12.895137968464317
2025-11-10,SKU048,6,7.293931182323628
2025-11-11,SKU048,7,7.153800584111644
2025-11-12,SKU048,7,8.452427435864516
2025-11-13,SKU048,7,8.684113441185495
2025-11-14,SKU048,2,6.184929678863976
2025-11-15,SKU048,9,10.149451990958397
2025-11-16,SKU048,9,12.361015721134597
2025-11-17,SKU048,7,7.567783518477571
2025-11-18,SKU048,12,7.6420805857331375
2025-11-19,SKU048,5,8.515250876724783
2025-11-20,SKU048,8,5.417869247735414
2025-11-21,SKU048,8,4.303146391209315
2025-11-22,SKU048,11,9.696287997136723
2025-11-23,SKU048,12,10.036567790925291
2025-11-24,SKU048,6,7.025781710353556
2025-11-25,SKU048,2,7.670076421599716
2025-11-26,SKU048,2,4.934552669791293
2025-11-27,SKU048,2,7.199938790575143
2025-11-28,SKU048,5,5.399886706803099
2025-11-29,SKU048,9,10.429354357806107
2025-11-30,SKU048,10,14.957332980257872
2025-12-01,SKU048,7,8.632820445903972
2025-12-03,SKU048,6,8.956551927789095
2025-12-04,SKU048,4,6.037983650868065
2025-12-05,SKU048,11,5.446561180901768
2025-12-06,SKU048,6,11.046668478134059
2025-12-07,SKU048,8,8.62532744259886
2025-12-08,SKU048,7,6.61647141202771
2025-12-09,SKU048,9,8.694564621604057
2025-12-10,SKU048,10,6.136215160910036
2025-12-11,SKU048,9,5.609789844072988
2025-12-12,SKU048,3,6.861896863884354
2025-12-13,SKU048,12,7.431249048669892
2025-12-14,SKU048,5,9.225941216917922
2025-12-15,SKU048,11,6.229041132557023
2025-12-16,SKU048,7,12.133378891190038
2025-12-17,SKU048,6,7.764474626225139
2025-12-18,SKU048,7,7.440828500859694
2025-12-19,SKU048,7,8.57927865499979
2025-12-20,SKU048,9,9.342130647784176
2025-12-21,SKU048,11,8.304811993195976
2025-12-22,SKU048,6,8.90986616228618
2025-12-23,SKU048,5,6.2270141781685195
2025-12-24,SKU048,10,6.42367235178927
2025-12-25,SKU048,4,7.5228992820709895
2025-12-26,SKU048,5,5.32914261689856
2025-12-27,SKU048,6,8.930459879364395
2025-12-28,SKU048,4,7.909874445112876
2025-12-29,SKU048,7,7.452397702372722
2025-12-30,SKU048,7,9.228315530664002
2025-12-31,SKU048,7,8.244922559246953
2025-11-06,SKU049,14,18.011984612229654
2025-11-07,SKU049,19,17.496373105746446
2025-11-08,SKU049,22,21.15990301563469
2025-11-09,SKU049,36,28.593400594175584
2025-11-10,SKU049,19,18.99827111057747
2025-11-11,SKU049,21,18.960812570678243
2025-11-12,SKU049,25,18.221166294665558
2025-11-13,SKU049,21,19.57445685042715
2025-11-14,SKU049,20,18.201586917667147
2025-11-15,SKU049,30,23.448440469867283
2025-11-16,SKU049,24,29.102056128899644
2025-11-17,SKU049,22,18.862384678184796
2025-11-18,SKU049,19,19.438154201666805
2025-11-19,SKU049,9,18.215545666019132
2025-11-20,SKU049,20,15.538345822757487
2025-11-21,SKU049,22,18.220896620733008
2025-11-22,SKU049,23,26.102593574871534
2025-11-23,SKU049,24,30.489410536134294
2025-11-24,SKU049,17,18.81642391882359
2025-11-25,SKU049,18,17.045818098497172
2025-11-26,SKU049,22,18.42137382299571
2025-11-27,SKU049,18,19.428891291135425
2025-11-28,SKU049,21,19.724560531027933
2025-11-29,SKU049,22,32.432159232850154
2025-11-30,SKU049,41,28.148665066473082
2025-12-01,SKU049,32,25.151816638045073
2025-12-03,SKU049,15,19.639248885429367
2025-12-04,SKU049,25,16.591786825270095
2025-12-05,SKU049,20,21.823639409219734
2025-12-06,SKU049,29,21.212663316377633
2025-12-07,SKU049,22,26.650044051828832
2025-12-08,SKU049,27,22.103622841543036
2025-12-09,SKU049,24,22.344045529888398
2025-12-10,SKU049,20,23.060418496222532
2025-12-11,SKU049,26,20.619235067942977
2025-12-12,SKU049,25,22.474739009236163
2025-12-13,SKU049,23,22.981862809028613
2025-12-14,SKU049,26,24.875846300855844
2025-12-15,SKU049,16,22.47443280248702
2025-12-16,SKU049,19,20.325223405160767
2025-12-17,SKU049,21,16.315766544079526
2025-12-18,SKU049,28,22.826847186218345
2025-12-19,SKU049,16,24.464814013027866
2025-12-20,SKU049,25,22.149045167726886
2025-12-21,SKU049,22,23.106384578690893
2025-12-22,SKU049,21,19.6925879070119
2025-12-23,SKU049,15,20.980310608025967
2025-12-24,SKU049,27,20.122291447001484
2025-12-25,SKU049,24,24.48247248245828
2025-12-26,SKU049,27,21.940391157166424
2025-12-27,SKU049,32,24.74208712634603
2025-12-28,SKU049,20,28.30208852553274
2025-12-29,SKU049,15,19.649664690950328
2025-12-30,SKU049,16,18.38354618291599
2025-12-31,SKU049,16,20.680126366522128
2025-11-06,SKU050,9,5.799305241667219
2025-11-07,SKU050,5,5.531089849660241
2025-11-08,SKU050,4,6.270183529795658
2025-11-09,SKU050,13,6.362826909326669
2025-11-10,SKU050,9,4.787663057209933
2025-11-11,SKU050,3,5.447719496042038
2025-11-12,SKU050,5,3.5715920547424105
2025-11-13,SKU050,5,7.158463539972387
2025-11-14,SKU050,4,4.819176252761939
2025-11-15,SKU050,8,6.737233643005764
2025-11-16,SKU050,6,8.966059048382387
2025-11-17,SKU050,8,5.2561970581832105
2025-11-18,SKU050,4,5.795339223761255
2025-11-19,SKU050,7,4.849570339957736
2025-11-20,SKU050,2,6.474982012881143
2025-11-21,SKU050,4,3.932353882401514
2025-11-22,SKU050,11,6.427517342707403
2025-11-23,SKU050,5,9.592495229402289
2025-11-24,SKU050,3,5.530316107745987
2025-11-25,SKU050,2,4.377443038923102
2025-11-26,SKU050,5,4.266179864378195
2025-11-27,SKU050,5,5.16073684934984
2025-11-28,SKU050,4,4.317922893914344
2025-11-29,SKU050,6,8.481133687244501
2025-11-30,SKU050,5,7.874437365037639
2025-12-01,SKU050,5,5.251341808950821
2025-12-03,SKU050,8,5.821387605645442
2025-12-04,SKU050,6,6.390713173095584
2025-12-05,SKU050,3,4.526782139612914
2025-12-06,SKU050,6,6.372301310353383
2025-12-07,SKU050,6,6.556957471911951
2025-12-08,SKU050,9,5.923276754677689
2025-12-09,SKU050,5,4.99249848330051
2025-12-10,SKU050,3,5.667490641571953
2025-12-11,SKU050,1,5.066582039300741
2025-12-12,SKU050,7,2.8492969876620116
2025-12-13,SKU050,3,7.250319730818224
2025-12-14,SKU050,6,4.799131584804838
2025-12-15,SKU050,4,6.599215527897797
2025-12-16,SKU050,4,4.5446853994081025
2025-12-17,SKU050,1,6.0765096575013295
2025-12-18,SKU050,3,3.382303783924289
2025-12-19,SKU050,5,5.1148644396554666
2025-12-20,SKU050,9,6.2394788088114375
2025-12-21,SKU050,8,5.770032578171189
2025-12-22,SKU050,5,5.823784512428292
2025-12-23,SKU050,7,4.262936766888605
2025-12-24,SKU050,4,4.840393981194456
2025-12-25,SKU050,8,3.830026726066017
2025-12-26,SKU050,7,6.759073258840283
2025-12-27,SKU050,7,6.5262108975525495
2025-12-28,SKU050,11,6.136660118802824
2025-12-29,SKU050,10,6.501094842443521
2025-12-30,SKU050,8,7.1834461131659335
2025-12-31,SKU050,9,5.456222823221752
